label,transliter_kmu2010,name,is_uppercase,type,is_alternate,top,bottom,left,right,height,width,filename
а,a,a,False,italic,False,69,130,67,132,61,65,glyphs/a-0.png
а,a,a,False,italic,False,64,134,62,136,70,74,glyphs/a-1.png
а,a,a,False,italic,False,66,132,69,130,66,61,glyphs/a-2.png
а,a,a,False,italic,False,64,134,69,130,70,61,glyphs/a-3.png
а,a,a,False,italic,False,68,131,66,133,63,67,glyphs/a-4.png
а,a,a,False,italic,False,68,131,73,126,63,53,glyphs/a-5.png
а,a,a,False,italic,False,62,137,69,130,75,61,glyphs/a-6.png
а,a,a,False,italic,False,67,132,70,129,65,59,glyphs/a-7.png
а,a,a,False,italic,False,66,132,64,135,66,71,glyphs/a-8.png
а,a,a,False,italic,False,65,134,65,134,69,69,glyphs/a-9.png
а,a,a,False,italic,False,67,131,64,134,64,70,glyphs/a-10.png
а,a,a,False,italic,False,65,134,70,129,69,59,glyphs/a-11.png
а,a,a,False,italic,False,62,137,63,136,75,73,glyphs/a-12.png
а,a,a,False,italic,False,70,128,54,145,58,91,glyphs/a-13.png
а,a,a,False,italic,False,65,134,63,135,69,72,glyphs/a-14.png
а,a,a,False,italic,False,59,140,65,133,81,68,glyphs/a-15.png
а,a,a,False,italic,False,58,140,51,148,82,97,glyphs/a-16.png
а,a,a,False,italic,False,61,137,61,138,76,77,glyphs/a-17.png
а,a,a,False,italic,False,57,142,48,150,85,102,glyphs/a-18.png
а,a,a,False,italic,False,52,147,64,135,95,71,glyphs/a-19.png
б,b,b,False,italic,False,70,128,52,147,58,95,glyphs/b-0.png
б,b,b,False,italic,False,61,138,62,137,77,75,glyphs/b-1.png
б,b,b,False,italic,False,72,126,44,154,54,110,glyphs/b-2.png
б,b,b,False,italic,False,42,156,41,158,114,117,glyphs/b-3.png
б,b,b,False,italic,False,71,128,52,147,57,95,glyphs/b-4.png
б,b,b,False,italic,False,64,135,52,146,71,94,glyphs/b-5.png
б,b,b,False,italic,False,69,130,49,149,61,100,glyphs/b-6.png
б,b,b,False,italic,False,56,142,42,156,86,114,glyphs/b-7.png
б,b,b,False,italic,False,48,151,49,149,103,100,glyphs/b-8.png
б,b,b,False,italic,False,47,151,66,132,104,66,glyphs/b-9.png
б,b,b,False,italic,False,72,126,26,172,54,146,glyphs/b-10.png
б,b,b,False,italic,False,76,122,41,157,46,116,glyphs/b-11.png
б,b,b,False,italic,False,71,127,48,151,56,103,glyphs/b-12.png
б,b,b,False,italic,False,60,139,49,149,79,100,glyphs/b-13.png
б,b,b,False,italic,False,69,130,38,161,61,123,glyphs/b-14.png
б,b,b,False,italic,False,57,141,48,150,84,102,glyphs/b-15.png
б,b,b,False,italic,False,51,148,56,143,97,87,glyphs/b-16.png
б,b,b,False,italic,False,59,139,43,155,80,112,glyphs/b-17.png
б,b,b,False,italic,False,71,128,42,157,57,115,glyphs/b-18.png
б,b,b,False,italic,False,65,134,42,156,69,114,glyphs/b-19.png
в,v,v,False,italic,False,73,125,43,155,52,112,glyphs/v-0.png
в,v,v,False,italic,False,71,127,46,152,56,106,glyphs/v-1.png
в,v,v,False,italic,False,70,129,47,151,59,104,glyphs/v-2.png
в,v,v,False,italic,False,73,126,40,159,53,119,glyphs/v-3.png
в,v,v,False,italic,False,73,125,33,166,52,133,glyphs/v-4.png
в,v,v,False,italic,False,61,137,36,162,76,126,glyphs/v-5.png
в,v,v,False,italic,False,72,127,41,157,55,116,glyphs/v-6.png
в,v,v,False,italic,False,69,130,33,166,61,133,glyphs/v-7.png
в,v,v,False,italic,False,78,121,50,148,43,98,glyphs/v-8.png
в,v,v,False,italic,False,76,122,35,164,46,129,glyphs/v-9.png
в,v,v,False,italic,False,63,135,39,160,72,121,glyphs/v-10.png
в,v,v,False,italic,False,77,122,36,162,45,126,glyphs/v-11.png
в,v,v,False,italic,False,72,127,39,160,55,121,glyphs/v-12.png
в,v,v,False,italic,False,68,130,28,170,62,142,glyphs/v-13.png
в,v,v,False,italic,False,78,120,49,150,42,101,glyphs/v-14.png
в,v,v,False,italic,False,75,124,38,160,49,122,glyphs/v-15.png
в,v,v,False,italic,False,71,128,42,156,57,114,glyphs/v-16.png
в,v,v,False,italic,False,63,135,40,159,72,119,glyphs/v-17.png
в,v,v,False,italic,False,73,125,41,158,52,117,glyphs/v-18.png
г,h,h,False,italic,False,70,129,72,126,59,54,glyphs/h-0.png
г,h,h,False,italic,False,61,138,71,127,77,56,glyphs/h-1.png
г,h,h,False,italic,False,72,127,64,134,55,70,glyphs/h-2.png
г,h,h,False,italic,False,80,118,65,134,38,69,glyphs/h-3.png
г,h,h,False,italic,False,67,132,70,129,65,59,glyphs/h-4.png
г,h,h,False,italic,False,76,122,70,128,46,58,glyphs/h-5.png
г,h,h,False,italic,False,58,140,61,137,82,76,glyphs/h-6.png
г,h,h,False,italic,False,62,137,69,129,75,60,glyphs/h-7.png
г,h,h,False,italic,False,75,124,64,134,49,70,glyphs/h-8.png
г,h,h,False,italic,False,66,133,65,133,67,68,glyphs/h-9.png
г,h,h,False,italic,False,60,138,69,129,78,60,glyphs/h-10.png
г,h,h,False,italic,False,75,124,58,141,49,83,glyphs/h-11.png
г,h,h,False,italic,False,65,134,68,131,69,63,glyphs/h-12.png
г,h,h,False,italic,False,61,137,60,139,76,79,glyphs/h-13.png
г,h,h,False,italic,False,58,141,67,131,83,64,glyphs/h-14.png
г,h,h,False,italic,False,73,126,61,137,53,76,glyphs/h-15.png
г,h,h,False,italic,False,62,136,63,136,74,73,glyphs/h-16.png
г,h,h,False,italic,False,63,135,61,137,72,76,glyphs/h-17.png
г,h,h,False,italic,False,53,146,66,132,93,66,glyphs/h-18.png
г,h,h,False,italic,False,74,124,63,135,50,72,glyphs/h-19.png
ґ,g,g,False,italic,False,56,142,61,138,86,77,glyphs/g-0.png
ґ,g,g,False,italic,False,49,149,65,134,100,69,glyphs/g-1.png
ґ,g,g,False,italic,False,64,134,54,144,70,90,glyphs/g-2.png
ґ,g,g,False,italic,False,51,148,72,127,97,55,glyphs/g-3.png
ґ,g,g,False,italic,False,58,140,60,139,82,79,glyphs/g-4.png
ґ,g,g,False,italic,False,59,139,53,145,80,92,glyphs/g-5.png
ґ,g,g,False,italic,False,47,151,58,141,104,83,glyphs/g-6.png
ґ,g,g,False,italic,False,53,145,57,141,92,84,glyphs/g-7.png
ґ,g,g,False,italic,False,46,152,59,139,106,80,glyphs/g-8.png
ґ,g,g,False,italic,False,75,124,49,149,49,100,glyphs/g-9.png
ґ,g,g,False,italic,False,69,129,55,143,60,88,glyphs/g-10.png
ґ,g,g,False,italic,False,70,129,63,135,59,72,glyphs/g-11.png
ґ,g,g,False,italic,False,58,141,52,146,83,94,glyphs/g-12.png
ґ,g,g,False,italic,False,49,150,55,144,101,89,glyphs/g-13.png
ґ,g,g,False,italic,False,35,163,63,135,128,72,glyphs/g-14.png
ґ,g,g,False,italic,False,41,157,61,138,116,77,glyphs/g-15.png
ґ,g,g,False,italic,False,51,148,45,153,97,108,glyphs/g-16.png
ґ,g,g,False,italic,False,52,146,55,144,94,89,glyphs/g-17.png
ґ,g,g,False,italic,False,48,151,46,152,103,106,glyphs/g-18.png
ґ,g,g,False,italic,False,41,158,66,132,117,66,glyphs/g-19.png
д,d,d,False,italic,False,69,129,55,143,60,88,glyphs/d-0.png
д,d,d,False,italic,False,67,131,44,155,64,111,glyphs/d-1.png
д,d,d,False,italic,False,73,125,52,147,52,95,glyphs/d-2.png
д,d,d,False,italic,False,66,133,37,162,67,125,glyphs/d-3.png
д,d,d,False,italic,False,52,146,31,167,94,136,glyphs/d-4.png
д,d,d,False,italic,False,67,131,41,157,64,116,glyphs/d-5.png
д,d,d,False,italic,False,70,128,36,162,58,126,glyphs/d-6.png
д,d,d,False,italic,False,65,134,43,155,69,112,glyphs/d-7.png
д,d,d,False,italic,False,65,133,40,159,68,119,glyphs/d-8.png
д,d,d,False,italic,False,54,145,40,158,91,118,glyphs/d-9.png
д,d,d,False,italic,False,69,130,29,170,61,141,glyphs/d-10.png
д,d,d,False,italic,True,64,135,52,147,71,95,glyphs/d-11.png
д,d,d,False,italic,True,62,137,41,157,75,116,glyphs/d-12.png
д,d,d,False,italic,True,48,150,46,152,102,106,glyphs/d-13.png
д,d,d,False,italic,True,62,137,40,158,75,118,glyphs/d-14.png
д,d,d,False,italic,True,58,140,33,166,82,133,glyphs/d-15.png
д,d,d,False,italic,True,55,144,52,147,89,95,glyphs/d-16.png
д,d,d,False,italic,True,65,134,42,157,69,115,glyphs/d-17.png
д,d,d,False,italic,True,64,135,44,154,71,110,glyphs/d-18.png
д,d,d,False,italic,True,64,135,48,150,71,102,glyphs/d-19.png
е,e,e,False,italic,False,77,122,74,125,45,51,glyphs/e-0.png
е,e,e,False,italic,False,69,130,50,149,61,99,glyphs/e-1.png
е,e,e,False,italic,False,71,127,56,143,56,87,glyphs/e-2.png
е,e,e,False,italic,False,67,132,56,142,65,86,glyphs/e-3.png
е,e,e,False,italic,False,77,121,52,147,44,95,glyphs/e-4.png
е,e,e,False,italic,False,75,123,60,139,48,79,glyphs/e-5.png
е,e,e,False,italic,False,66,132,64,134,66,70,glyphs/e-6.png
е,e,e,False,italic,False,66,132,44,155,66,111,glyphs/e-7.png
е,e,e,False,italic,False,66,132,62,137,66,75,glyphs/e-8.png
е,e,e,False,italic,False,74,124,54,144,50,90,glyphs/e-9.png
е,e,e,False,italic,False,63,136,62,137,73,75,glyphs/e-10.png
е,e,e,False,italic,False,66,132,62,137,66,75,glyphs/e-11.png
е,e,e,False,italic,False,72,127,60,139,55,79,glyphs/e-12.png
е,e,e,False,italic,False,62,136,50,148,74,98,glyphs/e-13.png
е,e,e,False,italic,False,70,129,63,135,59,72,glyphs/e-14.png
е,e,e,False,italic,False,66,133,50,148,67,98,glyphs/e-15.png
е,e,e,False,italic,False,65,134,57,142,69,85,glyphs/e-16.png
е,e,e,False,italic,False,69,130,54,144,61,90,glyphs/e-17.png
е,e,e,False,italic,False,70,129,51,148,59,97,glyphs/e-18.png
е,e,e,False,italic,False,65,133,55,143,68,88,glyphs/e-19.png
д,d,d,False,italic,False,63,135,48,150,72,102,glyphs/d-20.png
д,d,d,False,italic,False,61,137,48,151,76,103,glyphs/d-21.png
д,d,d,False,italic,False,65,134,55,144,69,89,glyphs/d-22.png
д,d,d,False,italic,False,63,135,58,141,72,83,glyphs/d-23.png
д,d,d,False,italic,False,51,148,55,143,97,88,glyphs/d-24.png
д,d,d,False,italic,False,67,132,44,155,65,111,glyphs/d-25.png
д,d,d,False,italic,False,64,135,52,146,71,94,glyphs/d-26.png
д,d,d,False,italic,False,57,142,51,148,85,97,glyphs/d-27.png
д,d,d,False,italic,False,75,124,56,143,49,87,glyphs/d-28.png
д,d,d,False,italic,False,68,130,50,148,62,98,glyphs/d-29.png
д,d,d,False,italic,False,69,130,53,145,61,92,glyphs/d-30.png
д,d,d,False,italic,False,55,144,41,158,89,117,glyphs/d-31.png
д,d,d,False,italic,False,68,131,50,148,63,98,glyphs/d-32.png
д,d,d,False,italic,False,81,118,41,157,37,116,glyphs/d-33.png
д,d,d,False,italic,False,69,130,43,155,61,112,glyphs/d-34.png
д,d,d,False,italic,False,53,145,48,150,92,102,glyphs/d-35.png
д,d,d,False,italic,False,76,123,42,157,47,115,glyphs/d-36.png
д,d,d,False,italic,False,49,150,37,162,101,125,glyphs/d-37.png
д,d,d,False,italic,False,50,149,41,157,99,116,glyphs/d-38.png
д,d,d,False,italic,False,71,128,47,152,57,105,glyphs/d-39.png
є,ye,ye,False,italic,False,76,123,67,132,47,65,glyphs/ye-0.png
є,ye,ye,False,italic,False,74,124,63,136,50,73,glyphs/ye-1.png
є,ye,ye,False,italic,False,75,123,67,131,48,64,glyphs/ye-2.png
є,ye,ye,False,italic,False,73,126,63,135,53,72,glyphs/ye-3.png
є,ye,ye,False,italic,False,75,123,65,133,48,68,glyphs/ye-4.png
є,ye,ye,False,italic,False,66,133,49,150,67,101,glyphs/ye-5.png
є,ye,ye,False,italic,False,72,127,52,146,55,94,glyphs/ye-6.png
є,ye,ye,False,italic,False,75,124,66,132,49,66,glyphs/ye-7.png
є,ye,ye,False,italic,False,73,126,60,138,53,78,glyphs/ye-8.png
є,ye,ye,False,italic,False,62,136,58,141,74,83,glyphs/ye-9.png
є,ye,ye,False,italic,False,75,124,61,138,49,77,glyphs/ye-10.png
є,ye,ye,False,italic,False,76,122,63,135,46,72,glyphs/ye-11.png
є,ye,ye,False,italic,False,81,118,60,138,37,78,glyphs/ye-12.png
є,ye,ye,False,italic,False,78,120,59,139,42,80,glyphs/ye-13.png
є,ye,ye,False,italic,False,82,116,60,139,34,79,glyphs/ye-14.png
є,ye,ye,False,italic,False,83,116,64,134,33,70,glyphs/ye-15.png
є,ye,ye,False,italic,False,77,122,62,137,45,75,glyphs/ye-16.png
є,ye,ye,False,italic,False,82,116,54,145,34,91,glyphs/ye-17.png
є,ye,ye,False,italic,False,77,121,60,139,44,79,glyphs/ye-18.png
є,ye,ye,False,italic,False,73,126,58,141,53,83,glyphs/ye-19.png
ж,zh,zh,False,italic,False,31,168,62,136,137,74,glyphs/zh-0.png
ж,zh,zh,False,italic,False,42,157,73,126,115,53,glyphs/zh-1.png
ж,zh,zh,False,italic,False,49,150,66,132,101,66,glyphs/zh-2.png
ж,zh,zh,False,italic,False,53,145,61,137,92,76,glyphs/zh-3.png
ж,zh,zh,False,italic,False,50,149,58,140,99,82,glyphs/zh-4.png
ж,zh,zh,False,italic,False,48,151,68,130,103,62,glyphs/zh-5.png
ж,zh,zh,False,italic,False,49,149,66,132,100,66,glyphs/zh-6.png
ж,zh,zh,False,italic,False,42,157,65,134,115,69,glyphs/zh-7.png
ж,zh,zh,False,italic,False,58,140,63,136,82,73,glyphs/zh-8.png
ж,zh,zh,False,italic,False,42,157,62,136,115,74,glyphs/zh-9.png
ж,zh,zh,False,italic,False,48,150,69,129,102,60,glyphs/zh-10.png
ж,zh,zh,False,italic,False,47,152,69,130,105,61,glyphs/zh-11.png
ж,zh,zh,False,italic,False,50,148,64,135,98,71,glyphs/zh-12.png
ж,zh,zh,False,italic,False,57,142,62,137,85,75,glyphs/zh-13.png
ж,zh,zh,False,italic,False,52,146,57,141,94,84,glyphs/zh-14.png
ж,zh,zh,False,italic,False,60,139,67,131,79,64,glyphs/zh-15.png
ж,zh,zh,False,italic,False,53,145,60,138,92,78,glyphs/zh-16.png
ж,zh,zh,False,italic,False,45,153,51,147,108,96,glyphs/zh-17.png
ж,zh,zh,False,italic,False,54,145,60,138,91,78,glyphs/zh-18.png
ж,zh,zh,False,italic,False,44,155,66,133,111,67,glyphs/zh-19.png
ж,zh,zh,False,italic,True,40,158,67,132,118,65,glyphs/zh-20.png
ж,zh,zh,False,italic,True,49,149,67,131,100,64,glyphs/zh-21.png
ж,zh,zh,False,italic,True,44,155,68,130,111,62,glyphs/zh-22.png
ж,zh,zh,False,italic,True,49,150,70,128,101,58,glyphs/zh-23.png
ж,zh,zh,False,italic,True,75,124,65,133,49,68,glyphs/zh-24.png
ж,zh,zh,False,italic,True,66,133,56,142,67,86,glyphs/zh-25.png
ж,zh,zh,False,italic,True,55,143,64,135,88,71,glyphs/zh-26.png
ж,zh,zh,False,italic,True,51,147,61,138,96,77,glyphs/zh-27.png
ж,zh,zh,False,italic,True,51,148,59,140,97,81,glyphs/zh-28.png
ж,zh,zh,False,italic,True,64,135,55,143,71,88,glyphs/zh-29.png
ж,zh,zh,False,italic,True,51,148,65,134,97,69,glyphs/zh-30.png
ж,zh,zh,False,italic,True,47,152,66,132,105,66,glyphs/zh-31.png
ж,zh,zh,False,italic,True,43,155,68,131,112,63,glyphs/zh-32.png
ж,zh,zh,False,italic,True,49,150,66,132,101,66,glyphs/zh-33.png
ж,zh,zh,False,italic,True,48,151,61,138,103,77,glyphs/zh-34.png
ж,zh,zh,False,italic,True,53,146,67,131,93,64,glyphs/zh-35.png
ж,zh,zh,False,italic,True,43,155,61,137,112,76,glyphs/zh-36.png
ж,zh,zh,False,italic,True,40,158,58,140,118,82,glyphs/zh-37.png
ж,zh,zh,False,italic,True,47,151,67,132,104,65,glyphs/zh-38.png
ж,zh,zh,False,italic,True,38,160,66,133,122,67,glyphs/zh-39.png
з,z,z,False,italic,False,63,135,44,154,72,110,glyphs/z-0.png
з,z,z,False,italic,False,71,127,39,159,56,120,glyphs/z-1.png
з,z,z,False,italic,False,70,129,45,153,59,108,glyphs/z-2.png
з,z,z,False,italic,False,66,132,38,160,66,122,glyphs/z-3.png
з,z,z,False,italic,False,61,137,40,158,76,118,glyphs/z-4.png
з,z,z,False,italic,False,64,135,38,161,71,123,glyphs/z-5.png
з,z,z,False,italic,False,63,136,38,160,73,122,glyphs/z-6.png
з,z,z,False,italic,False,68,130,40,159,62,119,glyphs/z-7.png
з,z,z,False,italic,False,69,130,53,146,61,93,glyphs/z-8.png
з,z,z,False,italic,False,67,131,64,135,64,71,glyphs/z-9.png
з,z,z,False,italic,False,54,145,35,164,91,129,glyphs/z-10.png
з,z,z,False,italic,False,61,137,40,158,76,118,glyphs/z-11.png
з,z,z,False,italic,False,71,127,43,156,56,113,glyphs/z-12.png
з,z,z,False,italic,False,58,140,47,152,82,105,glyphs/z-13.png
з,z,z,False,italic,False,68,131,45,153,63,108,glyphs/z-14.png
з,z,z,False,italic,False,60,138,50,148,78,98,glyphs/z-15.png
з,z,z,False,italic,False,58,141,43,155,83,112,glyphs/z-16.png
з,z,z,False,italic,False,60,138,48,151,78,103,glyphs/z-17.png
з,z,z,False,italic,False,58,140,49,150,82,101,glyphs/z-18.png
з,z,z,False,italic,False,71,127,47,151,56,104,glyphs/z-19.png
и,y,y,False,italic,False,63,136,60,139,73,79,glyphs/y-0.png
и,y,y,False,italic,False,57,141,72,127,84,55,glyphs/y-1.png
и,y,y,False,italic,False,66,133,62,136,67,74,glyphs/y-2.png
и,y,y,False,italic,False,60,139,69,129,79,60,glyphs/y-3.png
и,y,y,False,italic,False,68,130,70,129,62,59,glyphs/y-4.png
и,y,y,False,italic,False,60,139,64,135,79,71,glyphs/y-5.png
и,y,y,False,italic,False,62,137,55,144,75,89,glyphs/y-6.png
и,y,y,False,italic,False,55,144,60,138,89,78,glyphs/y-7.png
и,y,y,False,italic,False,64,134,72,127,70,55,glyphs/y-8.png
и,y,y,False,italic,False,51,147,67,132,96,65,glyphs/y-9.png
и,y,y,False,italic,False,66,132,62,136,66,74,glyphs/y-10.png
и,y,y,False,italic,False,69,129,70,128,60,58,glyphs/y-11.png
и,y,y,False,italic,False,69,129,70,128,60,58,glyphs/y-12.png
и,y,y,False,italic,False,67,131,62,137,64,75,glyphs/y-13.png
и,y,y,False,italic,False,63,135,69,129,72,60,glyphs/y-14.png
и,y,y,False,italic,False,58,140,69,129,82,60,glyphs/y-15.png
и,y,y,False,italic,False,57,141,75,124,84,49,glyphs/y-16.png
и,y,y,False,italic,False,66,133,49,149,67,100,glyphs/y-17.png
і,i,i,False,italic,False,74,124,63,135,50,72,glyphs/i-0.png
і,i,i,False,italic,False,89,110,55,144,21,89,glyphs/i-1.png
і,i,i,False,italic,False,89,110,56,143,21,87,glyphs/i-2.png
і,i,i,False,italic,False,74,124,54,144,50,90,glyphs/i-3.png
і,i,i,False,italic,False,68,130,62,136,62,74,glyphs/i-4.png
і,i,i,False,italic,False,84,114,55,143,30,88,glyphs/i-5.png
і,i,i,False,italic,False,73,125,45,154,52,109,glyphs/i-6.png
і,i,i,False,italic,False,61,138,47,151,77,104,glyphs/i-7.png
і,i,i,False,italic,False,82,116,50,148,34,98,glyphs/i-8.png
і,i,i,False,italic,False,83,115,52,147,32,95,glyphs/i-9.png
і,i,i,False,italic,False,77,121,47,152,44,105,glyphs/i-10.png
і,i,i,False,italic,False,76,123,50,148,47,98,glyphs/i-11.png
і,i,i,False,italic,False,79,119,51,147,40,96,glyphs/i-12.png
і,i,i,False,italic,False,83,116,53,146,33,93,glyphs/i-13.png
і,i,i,False,italic,False,78,120,57,141,42,84,glyphs/i-14.png
і,i,i,False,italic,False,81,117,52,146,36,94,glyphs/i-15.png
і,i,i,False,italic,False,70,129,54,145,59,91,glyphs/i-16.png
і,i,i,False,italic,False,87,112,47,152,25,105,glyphs/i-17.png
і,i,i,False,italic,False,88,110,56,143,22,87,glyphs/i-18.png
і,i,i,False,italic,False,81,117,42,157,36,115,glyphs/i-19.png
ї,yi,yi,False,italic,False,69,130,43,156,61,113,glyphs/yi-0.png
ї,yi,yi,False,italic,False,74,125,57,141,51,84,glyphs/yi-1.png
ї,yi,yi,False,italic,False,74,124,55,144,50,89,glyphs/yi-2.png
ї,yi,yi,False,italic,False,82,117,46,153,35,107,glyphs/yi-3.png
ї,yi,yi,False,italic,False,68,131,51,147,63,96,glyphs/yi-4.png
ї,yi,yi,False,italic,False,81,118,39,159,37,120,glyphs/yi-5.png
ї,yi,yi,False,italic,False,64,135,51,148,71,97,glyphs/yi-6.png
ї,yi,yi,False,italic,False,75,124,48,151,49,103,glyphs/yi-7.png
ї,yi,yi,False,italic,False,80,119,44,154,39,110,glyphs/yi-8.png
ї,yi,yi,False,italic,False,68,131,41,158,63,117,glyphs/yi-9.png
ї,yi,yi,False,italic,False,72,127,44,155,55,111,glyphs/yi-10.png
ї,yi,yi,False,italic,False,63,136,39,160,73,121,glyphs/yi-11.png
ї,yi,yi,False,italic,False,69,129,57,142,60,85,glyphs/yi-12.png
ї,yi,yi,False,italic,False,60,139,51,148,79,97,glyphs/yi-13.png
ї,yi,yi,False,italic,False,63,136,52,147,73,95,glyphs/yi-14.png
ї,yi,yi,False,italic,False,78,121,57,142,43,85,glyphs/yi-15.png
ї,yi,yi,False,italic,False,76,123,44,155,47,111,glyphs/yi-16.png
ї,yi,yi,False,italic,False,75,123,55,144,48,89,glyphs/yi-17.png
ї,yi,yi,False,italic,False,63,136,49,149,73,100,glyphs/yi-18.png
ї,yi,yi,False,italic,False,75,124,51,147,49,96,glyphs/yi-19.png
й,y,j,False,italic,False,64,135,52,146,71,94,glyphs/j-0.png
й,y,j,False,italic,False,69,130,48,151,61,103,glyphs/j-1.png
й,y,j,False,italic,False,73,126,44,154,53,110,glyphs/j-2.png
й,y,j,False,italic,False,70,128,40,158,58,118,glyphs/j-3.png
й,y,j,False,italic,False,69,129,51,148,60,97,glyphs/j-4.png
й,y,j,False,italic,False,68,131,52,147,63,95,glyphs/j-5.png
й,y,j,False,italic,False,72,126,54,145,54,91,glyphs/j-6.png
й,y,j,False,italic,False,66,132,54,144,66,90,glyphs/j-7.png
й,y,j,False,italic,False,66,132,53,145,66,92,glyphs/j-8.png
й,y,j,False,italic,False,68,131,47,151,63,104,glyphs/j-9.png
й,y,j,False,italic,False,68,131,51,148,63,97,glyphs/j-10.png
й,y,j,False,italic,False,73,126,52,147,53,95,glyphs/j-11.png
й,y,j,False,italic,False,69,130,55,143,61,88,glyphs/j-12.png
й,y,j,False,italic,False,72,127,52,146,55,94,glyphs/j-13.png
й,y,j,False,italic,False,71,127,58,141,56,83,glyphs/j-14.png
й,y,j,False,italic,False,70,128,51,147,58,96,glyphs/j-15.png
й,y,j,False,italic,False,69,130,58,140,61,82,glyphs/j-16.png
й,y,j,False,italic,False,68,130,62,137,62,75,glyphs/j-17.png
й,y,j,False,italic,False,68,130,53,145,62,92,glyphs/j-18.png
й,y,j,False,italic,False,62,136,37,162,74,125,glyphs/j-19.png
к,k,k,False,italic,False,72,127,61,137,55,76,glyphs/k-0.png
к,k,k,False,italic,False,71,127,66,133,56,67,glyphs/k-1.png
к,k,k,False,italic,False,78,121,70,128,43,58,glyphs/k-2.png
к,k,k,False,italic,False,71,128,61,138,57,77,glyphs/k-3.png
к,k,k,False,italic,False,77,122,63,136,45,73,glyphs/k-4.png
к,k,k,False,italic,False,75,123,64,134,48,70,glyphs/k-5.png
к,k,k,False,italic,False,69,129,58,140,60,82,glyphs/k-6.png
к,k,k,False,italic,False,72,127,63,136,55,73,glyphs/k-7.png
к,k,k,False,italic,False,77,121,70,129,44,59,glyphs/k-8.png
к,k,k,False,italic,False,69,129,57,142,60,85,glyphs/k-9.png
к,k,k,False,italic,False,69,130,62,137,61,75,glyphs/k-10.png
к,k,k,False,italic,False,73,126,65,134,53,69,glyphs/k-11.png
к,k,k,False,italic,False,76,123,72,126,47,54,glyphs/k-12.png
к,k,k,False,italic,False,65,133,60,138,68,78,glyphs/k-13.png
к,k,k,False,italic,False,68,131,65,134,63,69,glyphs/k-14.png
к,k,k,False,italic,False,68,130,64,135,62,71,glyphs/k-15.png
к,k,k,False,italic,False,65,133,54,145,68,91,glyphs/k-16.png
к,k,k,False,italic,False,61,137,55,144,76,89,glyphs/k-17.png
к,k,k,False,italic,False,70,129,55,144,59,89,glyphs/k-18.png
к,k,k,False,italic,False,62,136,59,139,74,80,glyphs/k-19.png
л,l,l,False,italic,False,52,146,66,133,94,67,glyphs/l-0.png
л,l,l,False,italic,False,69,129,61,138,60,77,glyphs/l-1.png
л,l,l,False,italic,False,70,128,63,135,58,72,glyphs/l-2.png
л,l,l,False,italic,False,57,141,58,141,84,83,glyphs/l-3.png
л,l,l,False,italic,False,59,139,70,129,80,59,glyphs/l-4.png
л,l,l,False,italic,False,65,134,50,149,69,99,glyphs/l-5.png
л,l,l,False,italic,False,75,123,53,145,48,92,glyphs/l-6.png
л,l,l,False,italic,False,67,131,52,146,64,94,glyphs/l-7.png
л,l,l,False,italic,False,71,127,54,144,56,90,glyphs/l-8.png
л,l,l,False,italic,False,74,125,46,152,51,106,glyphs/l-9.png
л,l,l,False,italic,False,53,145,49,150,92,101,glyphs/l-10.png
л,l,l,False,italic,False,65,133,62,137,68,75,glyphs/l-11.png
л,l,l,False,italic,False,56,143,59,139,87,80,glyphs/l-12.png
л,l,l,False,italic,False,59,140,48,150,81,102,glyphs/l-13.png
л,l,l,False,italic,False,62,137,57,142,75,85,glyphs/l-14.png
л,l,l,False,italic,False,55,143,46,152,88,106,glyphs/l-15.png
л,l,l,False,italic,False,63,136,53,145,73,92,glyphs/l-16.png
л,l,l,False,italic,False,57,141,51,148,84,97,glyphs/l-17.png
л,l,l,False,italic,False,59,139,50,149,80,99,glyphs/l-18.png
л,l,l,False,italic,False,55,143,40,158,88,118,glyphs/l-19.png
м,m,m,False,italic,False,47,151,67,132,104,65,glyphs/m-0.png
м,m,m,False,italic,False,57,142,51,147,85,96,glyphs/m-1.png
м,m,m,False,italic,False,56,142,55,143,86,88,glyphs/m-2.png
м,m,m,False,italic,False,54,144,53,146,90,93,glyphs/m-3.png
м,m,m,False,italic,False,48,151,63,135,103,72,glyphs/m-4.png
м,m,m,False,italic,False,55,143,58,141,88,83,glyphs/m-5.png
м,m,m,False,italic,False,49,149,63,135,100,72,glyphs/m-6.png
м,m,m,False,italic,False,58,141,71,128,83,57,glyphs/m-7.png
м,m,m,False,italic,False,52,147,50,148,95,98,glyphs/m-8.png
м,m,m,False,italic,False,50,149,57,141,99,84,glyphs/m-9.png
м,m,m,False,italic,False,48,150,60,139,102,79,glyphs/m-10.png
м,m,m,False,italic,False,63,136,62,137,73,75,glyphs/m-11.png
м,m,m,False,italic,False,55,143,56,143,88,87,glyphs/m-12.png
м,m,m,False,italic,False,55,143,60,139,88,79,glyphs/m-13.png
м,m,m,False,italic,False,60,138,54,145,78,91,glyphs/m-14.png
м,m,m,False,italic,False,50,148,56,143,98,87,glyphs/m-15.png
м,m,m,False,italic,False,53,146,54,145,93,91,glyphs/m-16.png
м,m,m,False,italic,False,41,157,60,139,116,79,glyphs/m-17.png
м,m,m,False,italic,False,48,151,58,140,103,82,glyphs/m-18.png
н,n,n,False,italic,False,67,132,65,134,65,69,glyphs/n-0.png
н,n,n,False,italic,False,57,141,60,139,84,79,glyphs/n-1.png
н,n,n,False,italic,False,62,136,61,137,74,76,glyphs/n-2.png
н,n,n,False,italic,False,63,135,63,135,72,72,glyphs/n-3.png
н,n,n,False,italic,False,58,141,69,130,83,61,glyphs/n-4.png
н,n,n,False,italic,False,69,129,64,134,60,70,glyphs/n-5.png
н,n,n,False,italic,False,61,137,57,141,76,84,glyphs/n-6.png
н,n,n,False,italic,False,62,137,57,141,75,84,glyphs/n-7.png
н,n,n,False,italic,False,59,140,58,141,81,83,glyphs/n-8.png
н,n,n,False,italic,False,65,133,66,132,68,66,glyphs/n-9.png
н,n,n,False,italic,False,64,135,70,128,71,58,glyphs/n-10.png
н,n,n,False,italic,False,58,140,68,131,82,63,glyphs/n-11.png
н,n,n,False,italic,False,73,125,57,141,52,84,glyphs/n-12.png
н,n,n,False,italic,False,62,136,62,137,74,75,glyphs/n-13.png
н,n,n,False,italic,False,68,130,63,136,62,73,glyphs/n-14.png
н,n,n,False,italic,False,69,129,68,131,60,63,glyphs/n-15.png
н,n,n,False,italic,False,67,132,58,141,65,83,glyphs/n-16.png
н,n,n,False,italic,False,59,140,63,136,81,73,glyphs/n-17.png
о,o,o,False,italic,False,71,127,72,127,56,55,glyphs/o-0.png
о,o,o,False,italic,False,69,130,62,136,61,74,glyphs/o-1.png
о,o,o,False,italic,False,74,125,65,133,51,68,glyphs/o-2.png
о,o,o,False,italic,False,70,129,58,140,59,82,glyphs/o-3.png
о,o,o,False,italic,False,77,122,66,133,45,67,glyphs/o-4.png
о,o,o,False,italic,False,71,128,61,138,57,77,glyphs/o-5.png
о,o,o,False,italic,False,69,130,49,150,61,101,glyphs/o-6.png
о,o,o,False,italic,False,66,132,52,146,66,94,glyphs/o-7.png
о,o,o,False,italic,False,75,124,59,139,49,80,glyphs/o-8.png
о,o,o,False,italic,False,82,116,62,137,34,75,glyphs/o-9.png
о,o,o,False,italic,False,79,119,49,150,40,101,glyphs/o-10.png
о,o,o,False,italic,False,70,128,45,153,58,108,glyphs/o-11.png
о,o,o,False,italic,False,72,127,53,146,55,93,glyphs/o-12.png
о,o,o,False,italic,False,73,126,55,143,53,88,glyphs/o-13.png
о,o,o,False,italic,False,78,121,50,148,43,98,glyphs/o-14.png
о,o,o,False,italic,False,77,121,54,144,44,90,glyphs/o-15.png
о,o,o,False,italic,False,79,119,52,146,40,94,glyphs/o-16.png
о,o,o,False,italic,False,71,128,46,152,57,106,glyphs/o-17.png
п,p,p,False,italic,False,74,124,60,138,50,78,glyphs/p-0.png
п,p,p,False,italic,False,66,132,53,146,66,93,glyphs/p-1.png
п,p,p,False,italic,False,58,140,61,137,82,76,glyphs/p-2.png
п,p,p,False,italic,False,66,132,59,139,66,80,glyphs/p-3.png
п,p,p,False,italic,False,64,135,58,140,71,82,glyphs/p-4.png
п,p,p,False,italic,False,66,133,67,132,67,65,glyphs/p-5.png
п,p,p,False,italic,False,54,145,68,131,91,63,glyphs/p-6.png
п,p,p,False,italic,False,62,137,66,133,75,67,glyphs/p-7.png
п,p,p,False,italic,False,58,141,64,134,83,70,glyphs/p-8.png
п,p,p,False,italic,False,57,142,65,133,85,68,glyphs/p-9.png
п,p,p,False,italic,False,48,150,57,141,102,84,glyphs/p-10.png
п,p,p,False,italic,False,57,141,59,140,84,81,glyphs/p-11.png
п,p,p,False,italic,False,44,155,58,141,111,83,glyphs/p-12.png
п,p,p,False,italic,False,64,134,58,141,70,83,glyphs/p-13.png
п,p,p,False,italic,False,59,140,64,135,81,71,glyphs/p-14.png
п,p,p,False,italic,False,52,147,60,139,95,79,glyphs/p-15.png
п,p,p,False,italic,False,54,144,67,132,90,65,glyphs/p-16.png
п,p,p,False,italic,False,53,145,64,134,92,70,glyphs/p-17.png
р,r,r,False,italic,False,68,130,51,148,62,97,glyphs/r-0.png
р,r,r,False,italic,False,69,130,58,141,61,83,glyphs/r-1.png
р,r,r,False,italic,False,66,133,45,154,67,109,glyphs/r-2.png
р,r,r,False,italic,False,60,139,43,156,79,113,glyphs/r-3.png
р,r,r,False,italic,False,62,137,52,146,75,94,glyphs/r-4.png
р,r,r,False,italic,False,73,126,40,159,53,119,glyphs/r-5.png
р,r,r,False,italic,False,64,135,51,147,71,96,glyphs/r-6.png
р,r,r,False,italic,False,50,148,43,155,98,112,glyphs/r-7.png
р,r,r,False,italic,False,58,141,64,134,83,70,glyphs/r-8.png
р,r,r,False,italic,False,60,139,47,151,79,104,glyphs/r-9.png
р,r,r,False,italic,False,54,144,39,160,90,121,glyphs/r-10.png
р,r,r,False,italic,False,63,135,47,151,72,104,glyphs/r-11.png
р,r,r,False,italic,False,66,133,48,150,67,102,glyphs/r-12.png
р,r,r,False,italic,False,64,134,52,146,70,94,glyphs/r-13.png
р,r,r,False,italic,False,67,131,47,151,64,104,glyphs/r-14.png
р,r,r,False,italic,False,62,137,57,141,75,84,glyphs/r-15.png
р,r,r,False,italic,False,55,143,47,151,88,104,glyphs/r-16.png
р,r,r,False,italic,False,62,137,46,152,75,106,glyphs/r-17.png
р,r,r,False,italic,False,64,135,47,152,71,105,glyphs/r-18.png
р,r,r,False,italic,False,53,145,42,157,92,115,glyphs/r-19.png
с,s,s,False,italic,False,73,126,58,141,53,83,glyphs/s-0.png
с,s,s,False,italic,False,83,116,67,132,33,65,glyphs/s-1.png
с,s,s,False,italic,False,86,112,56,142,26,86,glyphs/s-2.png
с,s,s,False,italic,False,72,127,50,148,55,98,glyphs/s-3.png
с,s,s,False,italic,False,72,126,60,139,54,79,glyphs/s-4.png
с,s,s,False,italic,False,72,126,65,133,54,68,glyphs/s-5.png
с,s,s,False,italic,False,65,133,69,129,68,60,glyphs/s-6.png
с,s,s,False,italic,False,66,133,60,139,67,79,glyphs/s-7.png
с,s,s,False,italic,False,68,130,61,138,62,77,glyphs/s-8.png
с,s,s,False,italic,False,74,125,54,145,51,91,glyphs/s-9.png
с,s,s,False,italic,False,63,136,58,140,73,82,glyphs/s-10.png
с,s,s,False,italic,False,63,136,56,143,73,87,glyphs/s-11.png
с,s,s,False,italic,False,79,119,53,145,40,92,glyphs/s-12.png
с,s,s,False,italic,False,64,135,53,146,71,93,glyphs/s-13.png
с,s,s,False,italic,False,78,120,51,148,42,97,glyphs/s-14.png
с,s,s,False,italic,False,59,139,48,151,80,103,glyphs/s-15.png
с,s,s,False,italic,False,72,126,67,132,54,65,glyphs/s-16.png
с,s,s,False,italic,False,69,129,52,147,60,95,glyphs/s-17.png
с,s,s,False,italic,False,69,130,74,125,61,51,glyphs/s-18.png
т,t,t,False,italic,False,48,150,68,130,102,62,glyphs/t-0.png
т,t,t,False,italic,False,48,150,63,136,102,73,glyphs/t-1.png
т,t,t,False,italic,False,43,155,52,146,112,94,glyphs/t-2.png
т,t,t,False,italic,False,49,149,54,145,100,91,glyphs/t-3.png
т,t,t,False,italic,False,43,156,64,135,113,71,glyphs/t-4.png
т,t,t,False,italic,False,46,152,63,136,106,73,glyphs/t-5.png
т,t,t,False,italic,False,42,157,54,144,115,90,glyphs/t-6.png
т,t,t,False,italic,False,49,149,53,146,100,93,glyphs/t-7.png
т,t,t,False,italic,False,43,155,54,144,112,90,glyphs/t-8.png
т,t,t,False,italic,False,57,142,59,140,85,81,glyphs/t-9.png
т,t,t,False,italic,False,56,142,63,135,86,72,glyphs/t-10.png
т,t,t,False,italic,False,56,142,67,131,86,64,glyphs/t-11.png
т,t,t,False,italic,False,47,152,66,133,105,67,glyphs/t-12.png
т,t,t,False,italic,False,53,145,61,138,92,77,glyphs/t-13.png
т,t,t,False,italic,False,40,158,67,131,118,64,glyphs/t-14.png
т,t,t,False,italic,False,48,151,61,138,103,77,glyphs/t-15.png
т,t,t,False,italic,False,43,156,61,137,113,76,glyphs/t-16.png
т,t,t,False,italic,False,47,151,63,135,104,72,glyphs/t-17.png
т,t,t,False,italic,False,50,148,59,139,98,80,glyphs/t-18.png
у,u,u,False,italic,False,62,136,42,156,74,114,glyphs/u-0.png
у,u,u,False,italic,False,59,140,41,157,81,116,glyphs/u-1.png
у,u,u,False,italic,False,64,134,34,165,70,131,glyphs/u-2.png
у,u,u,False,italic,False,62,137,51,147,75,96,glyphs/u-3.png
у,u,u,False,italic,False,67,132,48,150,65,102,glyphs/u-4.png
у,u,u,False,italic,False,53,146,40,158,93,118,glyphs/u-5.png
у,u,u,False,italic,False,61,137,35,163,76,128,glyphs/u-6.png
у,u,u,False,italic,False,57,142,44,154,85,110,glyphs/u-7.png
у,u,u,False,italic,False,56,142,42,156,86,114,glyphs/u-8.png
у,u,u,False,italic,False,48,151,47,152,103,105,glyphs/u-9.png
у,u,u,False,italic,False,59,140,41,158,81,117,glyphs/u-10.png
у,u,u,False,italic,False,61,138,40,159,77,119,glyphs/u-11.png
у,u,u,False,italic,False,60,138,41,157,78,116,glyphs/u-12.png
у,u,u,False,italic,False,59,139,40,158,80,118,glyphs/u-13.png
у,u,u,False,italic,False,67,131,45,153,64,108,glyphs/u-14.png
у,u,u,False,italic,False,58,140,41,158,82,117,glyphs/u-15.png
у,u,u,False,italic,False,58,141,39,160,83,121,glyphs/u-16.png
у,u,u,False,italic,False,58,140,35,163,82,128,glyphs/u-17.png
у,u,u,False,italic,False,54,145,33,165,91,132,glyphs/u-18.png
у,u,u,False,italic,False,58,140,31,168,82,137,glyphs/u-19.png
ф,f,f,False,italic,False,55,143,47,152,88,105,glyphs/f-0.png
ф,f,f,False,italic,False,56,142,48,150,86,102,glyphs/f-1.png
ф,f,f,False,italic,False,54,145,42,156,91,114,glyphs/f-2.png
ф,f,f,False,italic,False,59,140,41,157,81,116,glyphs/f-3.png
ф,f,f,False,italic,False,56,142,42,157,86,115,glyphs/f-4.png
ф,f,f,False,italic,False,58,140,48,151,82,103,glyphs/f-5.png
ф,f,f,False,italic,False,63,136,41,158,73,117,glyphs/f-6.png
ф,f,f,False,italic,False,58,140,46,153,82,107,glyphs/f-7.png
ф,f,f,False,italic,False,58,140,44,155,82,111,glyphs/f-8.png
ф,f,f,False,italic,False,54,144,44,154,90,110,glyphs/f-9.png
ф,f,f,False,italic,False,59,139,49,150,80,101,glyphs/f-10.png
ф,f,f,False,italic,False,71,127,46,152,56,106,glyphs/f-11.png
ф,f,f,False,italic,False,66,133,45,153,67,108,glyphs/f-12.png
ф,f,f,False,italic,False,53,146,56,143,93,87,glyphs/f-13.png
ф,f,f,False,italic,False,35,164,51,147,129,96,glyphs/f-14.png
ф,f,f,False,italic,False,46,152,58,141,106,83,glyphs/f-15.png
ф,f,f,False,italic,False,43,155,45,154,112,109,glyphs/f-16.png
ф,f,f,False,italic,False,48,151,42,156,103,114,glyphs/f-17.png
х,kh,kh,False,italic,False,52,147,55,143,95,88,glyphs/kh-0.png
х,kh,kh,False,italic,False,55,144,61,138,89,77,glyphs/kh-1.png
х,kh,kh,False,italic,False,53,145,62,137,92,75,glyphs/kh-2.png
х,kh,kh,False,italic,False,56,143,54,144,87,90,glyphs/kh-3.png
х,kh,kh,False,italic,False,57,142,62,136,85,74,glyphs/kh-4.png
х,kh,kh,False,italic,False,48,150,66,133,102,67,glyphs/kh-5.png
х,kh,kh,False,italic,False,58,141,58,141,83,83,glyphs/kh-6.png
х,kh,kh,False,italic,False,61,137,48,150,76,102,glyphs/kh-7.png
х,kh,kh,False,italic,False,50,148,50,149,98,99,glyphs/kh-8.png
х,kh,kh,False,italic,False,63,136,35,164,73,129,glyphs/kh-9.png
х,kh,kh,False,italic,False,63,136,57,142,73,85,glyphs/kh-10.png
х,kh,kh,False,italic,False,60,139,53,145,79,92,glyphs/kh-11.png
х,kh,kh,False,italic,False,57,142,65,134,85,69,glyphs/kh-12.png
х,kh,kh,False,italic,False,52,146,61,137,94,76,glyphs/kh-13.png
х,kh,kh,False,italic,False,59,140,58,140,81,82,glyphs/kh-14.png
х,kh,kh,False,italic,False,51,147,53,145,96,92,glyphs/kh-15.png
х,kh,kh,False,italic,False,46,153,41,157,107,116,glyphs/kh-16.png
х,kh,kh,False,italic,False,64,134,63,135,70,72,glyphs/kh-17.png
х,kh,kh,False,italic,False,49,149,56,143,100,87,glyphs/kh-18.png
х,kh,kh,False,italic,False,40,158,60,139,118,79,glyphs/kh-19.png
п,p,p,False,italic,False,60,138,60,138,78,78,glyphs/p-18.png
ц,ts,ts,False,italic,False,58,141,44,154,83,110,glyphs/ts-0.png
ц,ts,ts,False,italic,False,68,131,48,150,63,102,glyphs/ts-2.png
ц,ts,ts,False,italic,False,70,129,47,152,59,105,glyphs/ts-4.png
ц,ts,ts,False,italic,False,63,135,53,145,72,92,glyphs/ts-5.png
ц,ts,ts,False,italic,False,62,136,66,132,74,66,glyphs/ts-6.png
ц,ts,ts,False,italic,False,71,128,57,141,57,84,glyphs/ts-7.png
ц,ts,ts,False,italic,False,72,126,70,129,54,59,glyphs/ts-8.png
ц,ts,ts,False,italic,False,70,128,74,125,58,51,glyphs/ts-9.png
ц,ts,ts,False,italic,False,65,134,68,131,69,63,glyphs/ts-10.png
ц,ts,ts,False,italic,False,64,135,39,160,71,121,glyphs/ts-11.png
ц,ts,ts,False,italic,False,64,135,57,142,71,85,glyphs/ts-12.png
ц,ts,ts,False,italic,False,73,126,62,137,53,75,glyphs/ts-13.png
ч,ch,ch,False,italic,False,75,123,65,134,48,69,glyphs/ch-0.png
ч,ch,ch,False,italic,False,73,125,62,136,52,74,glyphs/ch-1.png
ч,ch,ch,False,italic,False,60,138,64,134,78,70,glyphs/ch-2.png
ч,ch,ch,False,italic,False,67,132,72,127,65,55,glyphs/ch-3.png
ч,ch,ch,False,italic,False,59,140,65,133,81,68,glyphs/ch-4.png
ч,ch,ch,False,italic,False,75,123,64,135,48,71,glyphs/ch-5.png
ч,ch,ch,False,italic,False,70,128,60,139,58,79,glyphs/ch-6.png
ч,ch,ch,False,italic,False,72,127,67,132,55,65,glyphs/ch-7.png
ч,ch,ch,False,italic,False,76,123,59,139,47,80,glyphs/ch-8.png
ч,ch,ch,False,italic,False,68,130,61,138,62,77,glyphs/ch-9.png
ч,ch,ch,False,italic,False,63,136,62,137,73,75,glyphs/ch-10.png
ч,ch,ch,False,italic,False,74,124,63,135,50,72,glyphs/ch-13.png
ч,ch,ch,False,italic,False,79,119,63,135,40,72,glyphs/ch-14.png
ч,ch,ch,False,italic,False,58,141,67,131,83,64,glyphs/ch-15.png
ч,ch,ch,False,italic,False,64,134,60,139,70,79,glyphs/ch-16.png
ч,ch,ch,False,italic,False,61,138,60,138,77,78,glyphs/ch-17.png
ч,ch,ch,False,italic,False,64,134,57,141,70,84,glyphs/ch-18.png
ч,ch,ch,False,italic,False,65,133,55,144,68,89,glyphs/ch-19.png
ш,sh,sh,False,italic,False,51,147,70,128,96,58,glyphs/sh-0.png
ш,sh,sh,False,italic,False,56,143,63,136,87,73,glyphs/sh-1.png
ш,sh,sh,False,italic,False,56,142,60,138,86,78,glyphs/sh-2.png
ш,sh,sh,False,italic,False,53,146,57,141,93,84,glyphs/sh-3.png
ш,sh,sh,False,italic,False,62,137,72,127,75,55,glyphs/sh-4.png
ш,sh,sh,False,italic,False,52,147,63,135,95,72,glyphs/sh-5.png
ш,sh,sh,False,italic,False,38,161,72,127,123,55,glyphs/sh-6.png
ш,sh,sh,False,italic,False,48,150,76,122,102,46,glyphs/sh-7.png
ш,sh,sh,False,italic,False,52,147,71,128,95,57,glyphs/sh-8.png
ш,sh,sh,False,italic,False,47,151,77,122,104,45,glyphs/sh-9.png
ш,sh,sh,False,italic,False,57,141,70,129,84,59,glyphs/sh-12.png
ш,sh,sh,False,italic,False,47,152,71,128,105,57,glyphs/sh-13.png
ш,sh,sh,False,italic,False,60,138,68,130,78,62,glyphs/sh-14.png
ш,sh,sh,False,italic,False,54,145,75,123,91,48,glyphs/sh-15.png
ш,sh,sh,False,italic,False,50,148,74,125,98,51,glyphs/sh-16.png
ш,sh,sh,False,italic,False,52,146,67,132,94,65,glyphs/sh-17.png
ш,sh,sh,False,italic,False,51,147,64,134,96,70,glyphs/sh-18.png
щ,shch,shch,False,italic,False,58,141,56,142,83,86,glyphs/shch-0.png
щ,shch,shch,False,italic,False,38,161,53,145,123,92,glyphs/shch-2.png
щ,shch,shch,False,italic,False,57,142,51,147,85,96,glyphs/shch-3.png
щ,shch,shch,False,italic,False,51,148,49,150,97,101,glyphs/shch-4.png
щ,shch,shch,False,italic,False,53,145,49,150,92,101,glyphs/shch-5.png
щ,shch,shch,False,italic,False,55,143,46,152,88,106,glyphs/shch-6.png
щ,shch,shch,False,italic,False,57,142,44,155,85,111,glyphs/shch-7.png
щ,shch,shch,False,italic,False,52,147,58,141,95,83,glyphs/shch-8.png
щ,shch,shch,False,italic,False,55,144,45,153,89,108,glyphs/shch-9.png
щ,shch,shch,False,italic,False,51,147,43,155,96,112,glyphs/shch-10.png
щ,shch,shch,False,italic,False,51,148,48,151,97,103,glyphs/shch-11.png
щ,shch,shch,False,italic,False,26,173,60,139,147,79,glyphs/shch-12.png
щ,shch,shch,False,italic,False,45,153,51,148,108,97,glyphs/shch-13.png
щ,shch,shch,False,italic,False,39,160,55,144,121,89,glyphs/shch-14.png
щ,shch,shch,False,italic,False,33,166,49,149,133,100,glyphs/shch-15.png
щ,shch,shch,False,italic,False,39,160,55,143,121,88,glyphs/shch-16.png
щ,shch,shch,False,italic,False,49,149,64,134,100,70,glyphs/shch-17.png
щ,shch,shch,False,italic,False,40,158,61,138,118,77,glyphs/shch-18.png
щ,shch,shch,False,italic,False,41,158,59,139,117,80,glyphs/shch-19.png
ь,',soft_sign,False,italic,False,74,124,64,135,50,71,glyphs/soft_sign-0.png
ь,',soft_sign,False,italic,False,80,119,65,133,39,68,glyphs/soft_sign-1.png
ь,',soft_sign,False,italic,False,78,120,64,135,42,71,glyphs/soft_sign-2.png
ь,',soft_sign,False,italic,False,73,125,56,143,52,87,glyphs/soft_sign-3.png
ь,',soft_sign,False,italic,False,84,115,61,138,31,77,glyphs/soft_sign-4.png
ь,',soft_sign,False,italic,False,78,121,57,142,43,85,glyphs/soft_sign-5.png
ь,',soft_sign,False,italic,False,72,126,59,139,54,80,glyphs/soft_sign-6.png
ь,',soft_sign,False,italic,False,79,119,59,139,40,80,glyphs/soft_sign-7.png
ь,',soft_sign,False,italic,False,64,135,66,132,71,66,glyphs/soft_sign-8.png
ь,',soft_sign,False,italic,False,69,129,64,135,60,71,glyphs/soft_sign-9.png
ь,',soft_sign,False,italic,False,75,124,63,135,49,72,glyphs/soft_sign-10.png
ь,',soft_sign,False,italic,False,70,129,57,141,59,84,glyphs/soft_sign-11.png
ь,',soft_sign,False,italic,False,72,126,63,136,54,73,glyphs/soft_sign-12.png
ь,',soft_sign,False,italic,False,77,122,59,140,45,81,glyphs/soft_sign-13.png
ь,',soft_sign,False,italic,False,74,124,55,143,50,88,glyphs/soft_sign-14.png
ь,',soft_sign,False,italic,False,72,126,65,134,54,69,glyphs/soft_sign-15.png
ь,',soft_sign,False,italic,False,70,129,60,138,59,78,glyphs/soft_sign-16.png
ь,',soft_sign,False,italic,False,66,132,69,130,66,61,glyphs/soft_sign-17.png
ю,yu,yu,False,italic,False,48,151,63,136,103,73,glyphs/yu-0.png
ю,yu,yu,False,italic,False,54,144,62,136,90,74,glyphs/yu-1.png
ю,yu,yu,False,italic,False,61,138,62,136,77,74,glyphs/yu-2.png
ю,yu,yu,False,italic,False,56,142,58,141,86,83,glyphs/yu-3.png
ю,yu,yu,False,italic,False,51,148,64,135,97,71,glyphs/yu-4.png
ю,yu,yu,False,italic,False,69,129,73,126,60,53,glyphs/yu-5.png
ю,yu,yu,False,italic,False,62,137,75,123,75,48,glyphs/yu-6.png
ю,yu,yu,False,italic,False,52,146,66,132,94,66,glyphs/yu-7.png
ю,yu,yu,False,italic,False,57,142,67,131,85,64,glyphs/yu-8.png
ю,yu,yu,False,italic,False,63,135,63,136,72,73,glyphs/yu-9.png
ю,yu,yu,False,italic,False,60,138,64,135,78,71,glyphs/yu-10.png
ю,yu,yu,False,italic,False,54,145,57,141,91,84,glyphs/yu-11.png
ю,yu,yu,False,italic,False,51,148,60,139,97,79,glyphs/yu-12.png
ю,yu,yu,False,italic,False,46,152,70,129,106,59,glyphs/yu-13.png
ю,yu,yu,False,italic,False,39,160,68,131,121,63,glyphs/yu-14.png
ю,yu,yu,False,italic,False,61,137,70,128,76,58,glyphs/yu-15.png
ю,yu,yu,False,italic,False,63,136,65,133,73,68,glyphs/yu-16.png
ю,yu,yu,False,italic,False,54,145,64,135,91,71,glyphs/yu-17.png
ю,yu,yu,False,italic,False,49,149,69,129,100,60,glyphs/yu-18.png
ю,yu,yu,False,italic,False,52,147,66,133,95,67,glyphs/yu-19.png
я,ya,ya,False,italic,False,58,141,57,142,83,85,glyphs/ya-0.png
я,ya,ya,False,italic,False,64,135,60,138,71,78,glyphs/ya-1.png
я,ya,ya,False,italic,False,58,140,56,143,82,87,glyphs/ya-2.png
я,ya,ya,False,italic,False,63,135,50,149,72,99,glyphs/ya-3.png
я,ya,ya,False,italic,False,60,138,47,152,78,105,glyphs/ya-4.png
я,ya,ya,False,italic,False,63,136,59,139,73,80,glyphs/ya-5.png
я,ya,ya,False,italic,False,59,139,49,149,80,100,glyphs/ya-6.png
я,ya,ya,False,italic,False,49,149,50,149,100,99,glyphs/ya-7.png
я,ya,ya,False,italic,False,52,146,58,140,94,82,glyphs/ya-9.png
я,ya,ya,False,italic,False,53,145,56,143,92,87,glyphs/ya-10.png
я,ya,ya,False,italic,False,55,143,60,139,88,79,glyphs/ya-11.png
я,ya,ya,False,italic,False,62,136,55,144,74,89,glyphs/ya-12.png
я,ya,ya,False,italic,False,63,136,64,135,73,71,glyphs/ya-13.png
я,ya,ya,False,italic,False,53,145,59,140,92,81,glyphs/ya-14.png
я,ya,ya,False,italic,False,68,130,57,141,62,84,glyphs/ya-15.png
я,ya,ya,False,italic,False,60,139,52,146,79,94,glyphs/ya-16.png
я,ya,ya,False,italic,False,62,136,57,141,74,84,glyphs/ya-17.png
я,ya,ya,False,italic,False,58,140,58,140,82,82,glyphs/ya-18.png
я,ya,ya,False,italic,False,46,153,58,141,107,83,glyphs/ya-19.png
ц,ts,ts,False,italic,False,65,134,43,155,69,112,glyphs/ts-14.png
ц,ts,ts,False,italic,False,64,135,68,131,71,63,glyphs/ts-15.png
ц,ts,ts,False,italic,False,64,135,62,137,71,75,glyphs/ts-16.png
ц,ts,ts,False,italic,False,58,141,45,154,83,109,glyphs/ts-17.png
ц,ts,ts,False,italic,False,42,157,51,147,115,96,glyphs/ts-18.png
ц,ts,ts,False,italic,False,47,151,45,154,104,109,glyphs/ts-19.png
в,v,v,False,italic,False,71,127,48,150,56,102,glyphs/v-19.png
и,y,y,False,italic,False,57,142,71,128,85,57,glyphs/y-18.png
и,y,y,False,italic,False,55,144,68,130,89,62,glyphs/y-19.png
м,m,m,False,italic,False,53,146,62,136,93,74,glyphs/m-19.png
н,n,n,False,italic,False,58,141,66,133,83,67,glyphs/n-19.png
п,p,p,False,italic,False,60,139,60,138,79,78,glyphs/p-19.png
о,o,o,False,italic,False,60,139,68,130,79,62,glyphs/o-19.png
с,s,s,False,italic,False,71,126,64,135,55,71,glyphs/s-19.png
ф,f,f,False,italic,False,54,145,60,139,91,79,glyphs/f-18.png
ф,f,f,False,italic,False,45,154,51,148,109,97,glyphs/f-19.png
а,a,a,True,italic,False,51,148,47,152,97,105,glyphs/a-21.png
а,a,a,True,italic,False,58,141,47,151,83,104,glyphs/a-22.png
а,a,a,True,italic,False,59,139,47,151,80,104,glyphs/a-23.png
а,a,a,True,italic,False,44,154,43,155,110,112,glyphs/a-24.png
а,a,a,True,italic,False,54,144,37,162,90,125,glyphs/a-25.png
а,a,a,True,italic,False,57,142,46,152,85,106,glyphs/a-26.png
а,a,a,True,italic,False,53,146,43,156,93,113,glyphs/a-27.png
а,a,a,True,italic,False,58,141,46,153,83,107,glyphs/a-28.png
а,a,a,True,italic,False,55,143,43,156,88,113,glyphs/a-29.png
а,a,a,True,italic,False,50,149,27,172,99,145,glyphs/a-30.png
а,a,a,True,italic,False,58,140,44,155,82,111,glyphs/a-31.png
а,a,a,True,italic,False,50,149,45,153,99,108,glyphs/a-32.png
а,a,a,True,italic,False,44,154,47,152,110,105,glyphs/a-33.png
а,a,a,True,italic,False,57,142,54,145,85,91,glyphs/a-34.png
а,a,a,True,italic,False,55,144,42,157,89,115,glyphs/a-35.png
а,a,a,True,italic,False,64,134,52,146,70,94,glyphs/a-36.png
а,a,a,True,italic,False,57,141,34,165,84,131,glyphs/a-37.png
а,a,a,True,italic,False,53,145,38,160,92,122,glyphs/a-38.png
а,a,a,True,italic,False,18,180,38,160,162,122,glyphs/a-39.png
а,a,a,True,italic,False,58,141,41,158,83,117,glyphs/a-40.png
б,b,b,True,italic,False,47,152,36,163,105,127,glyphs/b-21.png
б,b,b,True,italic,False,44,154,44,155,110,111,glyphs/b-22.png
б,b,b,True,italic,False,42,156,44,155,114,111,glyphs/b-23.png
б,b,b,True,italic,False,46,153,40,158,107,118,glyphs/b-24.png
б,b,b,True,italic,False,51,147,43,156,96,113,glyphs/b-25.png
б,b,b,True,italic,False,47,151,35,163,104,128,glyphs/b-26.png
б,b,b,True,italic,False,34,165,27,171,131,144,glyphs/b-27.png
б,b,b,True,italic,False,42,156,37,161,114,124,glyphs/b-28.png
б,b,b,True,italic,False,50,148,38,161,98,123,glyphs/b-29.png
б,b,b,True,italic,False,44,154,42,157,110,115,glyphs/b-30.png
б,b,b,True,italic,False,41,157,33,165,116,132,glyphs/b-31.png
б,b,b,True,italic,False,43,155,35,163,112,128,glyphs/b-32.png
б,b,b,True,italic,False,42,156,40,158,114,118,glyphs/b-33.png
б,b,b,True,italic,False,57,141,41,158,84,117,glyphs/b-34.png
б,b,b,True,italic,False,50,149,32,167,99,135,glyphs/b-35.png
б,b,b,True,italic,False,45,154,47,151,109,104,glyphs/b-36.png
б,b,b,True,italic,False,54,144,42,157,90,115,glyphs/b-37.png
б,b,b,True,italic,False,58,140,42,156,82,114,glyphs/b-38.png
б,b,b,True,italic,False,59,139,38,160,80,122,glyphs/b-39.png
б,b,b,True,italic,False,63,136,32,166,73,134,glyphs/b-40.png
б,b,b,True,italic,True,40,158,41,157,118,116,glyphs/b-41.png
б,b,b,True,italic,True,54,145,28,171,91,143,glyphs/b-42.png
б,b,b,True,italic,True,55,143,31,167,88,136,glyphs/b-43.png
б,b,b,True,italic,True,42,156,26,173,114,147,glyphs/b-44.png
б,b,b,True,italic,True,45,153,29,170,108,141,glyphs/b-45.png
б,b,b,True,italic,True,63,136,34,164,73,130,glyphs/b-46.png
б,b,b,True,italic,True,50,148,32,166,98,134,glyphs/b-47.png
б,b,b,True,italic,True,68,130,36,163,62,127,glyphs/b-48.png
б,b,b,True,italic,True,54,144,44,154,90,110,glyphs/b-49.png
б,b,b,True,italic,True,52,146,37,162,94,125,glyphs/b-50.png
б,b,b,True,italic,True,49,150,32,167,101,135,glyphs/b-51.png
б,b,b,True,italic,True,50,148,29,170,98,141,glyphs/b-52.png
б,b,b,True,italic,True,55,144,30,168,89,138,glyphs/b-53.png
б,b,b,True,italic,True,52,147,42,157,95,115,glyphs/b-54.png
б,b,b,True,italic,True,54,145,36,162,91,126,glyphs/b-55.png
б,b,b,True,italic,True,55,143,46,152,88,106,glyphs/b-56.png
б,b,b,True,italic,True,57,142,44,154,85,110,glyphs/b-57.png
б,b,b,True,italic,True,60,138,38,161,78,123,glyphs/b-58.png
б,b,b,True,italic,True,49,150,41,158,101,117,glyphs/b-59.png
б,b,b,True,italic,True,59,139,33,166,80,133,glyphs/b-60.png
в,v,v,True,italic,False,49,149,53,146,100,93,glyphs/v-21.png
в,v,v,True,italic,False,52,147,35,163,95,128,glyphs/v-22.png
в,v,v,True,italic,False,54,145,39,160,91,121,glyphs/v-23.png
в,v,v,True,italic,False,55,144,39,160,89,121,glyphs/v-24.png
в,v,v,True,italic,False,50,149,36,162,99,126,glyphs/v-25.png
в,v,v,True,italic,False,52,146,42,157,94,115,glyphs/v-26.png
в,v,v,True,italic,False,46,152,38,160,106,122,glyphs/v-27.png
в,v,v,True,italic,False,51,148,37,161,97,124,glyphs/v-28.png
в,v,v,True,italic,False,56,142,50,148,86,98,glyphs/v-29.png
в,v,v,True,italic,False,40,158,41,158,118,117,glyphs/v-30.png
в,v,v,True,italic,False,49,149,45,154,100,109,glyphs/v-31.png
в,v,v,True,italic,False,55,144,41,158,89,117,glyphs/v-32.png
в,v,v,True,italic,False,55,144,46,153,89,107,glyphs/v-33.png
в,v,v,True,italic,False,58,141,47,151,83,104,glyphs/v-34.png
в,v,v,True,italic,False,59,139,47,152,80,105,glyphs/v-35.png
в,v,v,True,italic,False,42,157,42,157,115,115,glyphs/v-36.png
в,v,v,True,italic,False,46,152,49,150,106,101,glyphs/v-37.png
в,v,v,True,italic,False,52,147,42,156,95,114,glyphs/v-38.png
в,v,v,True,italic,False,46,153,38,160,107,122,glyphs/v-39.png
в,v,v,True,italic,True,61,137,51,147,76,96,glyphs/v-40.png
в,v,v,True,italic,True,67,132,51,147,65,96,glyphs/v-41.png
в,v,v,True,italic,True,60,139,47,152,79,105,glyphs/v-42.png
в,v,v,True,italic,True,62,137,47,152,75,105,glyphs/v-43.png
в,v,v,True,italic,True,58,141,37,161,83,124,glyphs/v-44.png
в,v,v,True,italic,True,60,138,41,158,78,117,glyphs/v-45.png
в,v,v,True,italic,True,61,138,49,149,77,100,glyphs/v-46.png
в,v,v,True,italic,True,54,144,34,165,90,131,glyphs/v-47.png
в,v,v,True,italic,True,65,134,27,171,69,144,glyphs/v-48.png
в,v,v,True,italic,True,42,157,24,175,115,151,glyphs/v-49.png
в,v,v,True,italic,True,50,149,38,161,99,123,glyphs/v-50.png
в,v,v,True,italic,True,60,138,44,154,78,110,glyphs/v-51.png
в,v,v,True,italic,True,59,140,38,161,81,123,glyphs/v-52.png
в,v,v,True,italic,True,68,131,30,168,63,138,glyphs/v-53.png
в,v,v,True,italic,True,43,156,27,171,113,144,glyphs/v-54.png
в,v,v,True,italic,True,48,150,27,172,102,145,glyphs/v-55.png
в,v,v,True,italic,True,47,152,25,173,105,148,glyphs/v-56.png
в,v,v,True,italic,True,67,131,33,165,64,132,glyphs/v-57.png
в,v,v,True,italic,True,65,133,37,161,68,124,glyphs/v-58.png
в,v,v,True,italic,True,57,141,39,159,84,120,glyphs/v-59.png
г,h,h,True,italic,False,39,159,37,161,120,124,glyphs/h-21.png
г,h,h,True,italic,False,61,137,31,168,76,137,glyphs/h-22.png
г,h,h,True,italic,False,54,145,31,168,91,137,glyphs/h-23.png
г,h,h,True,italic,False,40,159,36,163,119,127,glyphs/h-24.png
г,h,h,True,italic,False,34,165,38,160,131,122,glyphs/h-25.png
г,h,h,True,italic,False,57,141,45,153,84,108,glyphs/h-26.png
г,h,h,True,italic,False,54,145,46,153,91,107,glyphs/h-27.png
г,h,h,True,italic,False,68,130,40,159,62,119,glyphs/h-28.png
г,h,h,True,italic,False,64,134,37,162,70,125,glyphs/h-29.png
г,h,h,True,italic,False,62,137,41,157,75,116,glyphs/h-30.png
г,h,h,True,italic,False,58,141,44,155,83,111,glyphs/h-31.png
г,h,h,True,italic,False,63,136,47,152,73,105,glyphs/h-32.png
г,h,h,True,italic,False,66,133,45,154,67,109,glyphs/h-33.png
г,h,h,True,italic,False,56,142,50,149,86,99,glyphs/h-34.png
г,h,h,True,italic,False,57,141,48,150,84,102,glyphs/h-35.png
г,h,h,True,italic,False,62,136,45,154,74,109,glyphs/h-36.png
г,h,h,True,italic,False,56,143,50,149,87,99,glyphs/h-37.png
г,h,h,True,italic,False,41,158,43,156,117,113,glyphs/h-38.png
г,h,h,True,italic,False,47,151,47,152,104,105,glyphs/h-39.png
г,h,h,True,italic,False,40,159,47,151,119,104,glyphs/h-40.png
г,h,h,True,italic,False,51,147,48,150,96,102,glyphs/h-41.png
г,h,h,True,italic,False,50,149,43,155,99,112,glyphs/h-42.png
г,h,h,True,italic,False,54,144,35,163,90,128,glyphs/h-43.png
г,h,h,True,italic,False,57,142,45,154,85,109,glyphs/h-44.png
г,h,h,True,italic,False,50,149,41,158,99,117,glyphs/h-45.png
г,h,h,True,italic,False,64,134,41,158,70,117,glyphs/h-46.png
г,h,h,True,italic,False,67,131,32,167,64,135,glyphs/h-47.png
г,h,h,True,italic,False,48,151,42,156,103,114,glyphs/h-48.png
г,h,h,True,italic,False,70,129,39,160,59,121,glyphs/h-49.png
г,h,h,True,italic,False,53,145,40,159,92,119,glyphs/h-50.png
г,h,h,True,italic,False,57,142,34,164,85,130,glyphs/h-51.png
г,h,h,True,italic,False,47,151,41,157,104,116,glyphs/h-52.png
г,h,h,True,italic,False,48,150,40,158,102,118,glyphs/h-53.png
г,h,h,True,italic,False,52,147,36,163,95,127,glyphs/h-54.png
г,h,h,True,italic,False,40,159,39,159,119,120,glyphs/h-55.png
г,h,h,True,italic,False,47,151,40,158,104,118,glyphs/h-56.png
г,h,h,True,italic,False,27,171,34,165,144,131,glyphs/h-57.png
г,h,h,True,italic,False,60,139,33,165,79,132,glyphs/h-58.png
г,h,h,True,italic,False,53,145,37,161,92,124,glyphs/h-59.png
г,h,h,True,italic,False,45,154,37,161,109,124,glyphs/h-60.png
д,d,d,True,italic,False,41,158,45,154,117,109,glyphs/d-41.png
д,d,d,True,italic,False,50,148,53,145,98,92,glyphs/d-42.png
д,d,d,True,italic,False,56,142,46,152,86,106,glyphs/d-43.png
д,d,d,True,italic,False,57,142,52,147,85,95,glyphs/d-44.png
д,d,d,True,italic,False,65,134,41,158,69,117,glyphs/d-45.png
д,d,d,True,italic,False,61,138,49,149,77,100,glyphs/d-46.png
д,d,d,True,italic,False,65,133,47,151,68,104,glyphs/d-47.png
д,d,d,True,italic,False,68,130,40,158,62,118,glyphs/d-48.png
д,d,d,True,italic,False,53,146,44,155,93,111,glyphs/d-49.png
д,d,d,True,italic,False,47,152,43,156,105,113,glyphs/d-50.png
д,d,d,True,italic,False,43,155,47,151,112,104,glyphs/d-51.png
д,d,d,True,italic,False,50,149,45,153,99,108,glyphs/d-52.png
д,d,d,True,italic,False,49,149,39,159,100,120,glyphs/d-53.png
д,d,d,True,italic,False,41,157,44,155,116,111,glyphs/d-54.png
д,d,d,True,italic,False,44,154,39,159,110,120,glyphs/d-55.png
д,d,d,True,italic,False,48,150,44,155,102,111,glyphs/d-56.png
д,d,d,True,italic,False,48,150,60,138,102,78,glyphs/d-57.png
д,d,d,True,italic,False,47,152,55,143,105,88,glyphs/d-58.png
д,d,d,True,italic,False,56,143,42,156,87,114,glyphs/d-59.png
д,d,d,True,italic,False,49,150,50,149,101,99,glyphs/d-60.png
е,e,e,True,italic,False,70,129,45,154,59,109,glyphs/e-21.png
е,e,e,True,italic,False,83,115,34,165,32,131,glyphs/e-22.png
е,e,e,True,italic,False,72,126,50,148,54,98,glyphs/e-23.png
е,e,e,True,italic,False,77,122,55,144,45,89,glyphs/e-24.png
е,e,e,True,italic,False,60,139,38,160,79,122,glyphs/e-25.png
е,e,e,True,italic,False,62,137,37,162,75,125,glyphs/e-26.png
е,e,e,True,italic,False,72,126,49,149,54,100,glyphs/e-27.png
е,e,e,True,italic,False,80,118,57,142,38,85,glyphs/e-28.png
е,e,e,True,italic,False,78,121,60,139,43,79,glyphs/e-29.png
е,e,e,True,italic,False,69,129,49,150,60,101,glyphs/e-30.png
е,e,e,True,italic,False,83,115,43,155,32,112,glyphs/e-31.png
е,e,e,True,italic,False,86,112,39,159,26,120,glyphs/e-32.png
е,e,e,True,italic,False,25,173,44,154,148,110,glyphs/e-33.png
е,e,e,True,italic,False,69,129,44,155,60,111,glyphs/e-34.png
е,e,e,True,italic,False,72,127,43,156,55,113,glyphs/e-35.png
е,e,e,True,italic,False,80,119,43,155,39,112,glyphs/e-36.png
е,e,e,True,italic,False,74,125,46,153,51,107,glyphs/e-37.png
е,e,e,True,italic,False,65,133,40,159,68,119,glyphs/e-38.png
е,e,e,True,italic,False,73,126,41,158,53,117,glyphs/e-39.png
е,e,e,True,italic,False,76,122,47,152,46,105,glyphs/e-40.png
є,ye,ye,True,italic,False,71,127,41,157,56,116,glyphs/ye-21.png
є,ye,ye,True,italic,False,71,127,48,150,56,102,glyphs/ye-22.png
є,ye,ye,True,italic,False,75,123,45,154,48,109,glyphs/ye-23.png
є,ye,ye,True,italic,False,85,114,44,155,29,111,glyphs/ye-24.png
є,ye,ye,True,italic,False,73,126,44,154,53,110,glyphs/ye-25.png
є,ye,ye,True,italic,False,75,124,45,153,49,108,glyphs/ye-26.png
є,ye,ye,True,italic,False,67,131,43,156,64,113,glyphs/ye-27.png
є,ye,ye,True,italic,False,82,116,52,147,34,95,glyphs/ye-28.png
є,ye,ye,True,italic,False,64,134,48,150,70,102,glyphs/ye-29.png
є,ye,ye,True,italic,False,72,127,48,151,55,103,glyphs/ye-30.png
є,ye,ye,True,italic,False,75,124,44,154,49,110,glyphs/ye-31.png
є,ye,ye,True,italic,False,75,123,48,151,48,103,glyphs/ye-32.png
є,ye,ye,True,italic,False,75,123,49,149,48,100,glyphs/ye-33.png
є,ye,ye,True,italic,False,74,124,42,156,50,114,glyphs/ye-34.png
є,ye,ye,True,italic,False,72,127,49,149,55,100,glyphs/ye-35.png
є,ye,ye,True,italic,False,79,120,47,151,41,104,glyphs/ye-36.png
є,ye,ye,True,italic,False,80,119,50,148,39,98,glyphs/ye-37.png
є,ye,ye,True,italic,False,82,117,39,159,35,120,glyphs/ye-38.png
є,ye,ye,True,italic,False,80,118,42,157,38,115,glyphs/ye-39.png
ж,zh,zh,True,italic,False,54,145,53,145,91,92,glyphs/zh-41.png
ж,zh,zh,True,italic,False,59,140,48,150,81,102,glyphs/zh-42.png
ж,zh,zh,True,italic,False,53,145,49,149,92,100,glyphs/zh-43.png
ж,zh,zh,True,italic,False,38,161,37,162,123,125,glyphs/zh-44.png
ж,zh,zh,True,italic,False,42,157,40,158,115,118,glyphs/zh-45.png
ж,zh,zh,True,italic,False,52,146,36,162,94,126,glyphs/zh-46.png
ж,zh,zh,True,italic,False,41,158,45,154,117,109,glyphs/zh-47.png
ж,zh,zh,True,italic,False,62,137,49,150,75,101,glyphs/zh-48.png
ж,zh,zh,True,italic,False,65,134,57,141,69,84,glyphs/zh-49.png
ж,zh,zh,True,italic,False,51,148,40,159,97,119,glyphs/zh-50.png
ж,zh,zh,True,italic,False,58,140,44,155,82,111,glyphs/zh-51.png
ж,zh,zh,True,italic,False,59,140,43,156,81,113,glyphs/zh-52.png
ж,zh,zh,True,italic,False,51,147,37,162,96,125,glyphs/zh-53.png
ж,zh,zh,True,italic,False,51,148,44,154,97,110,glyphs/zh-54.png
ж,zh,zh,True,italic,False,47,151,49,150,104,101,glyphs/zh-55.png
ж,zh,zh,True,italic,False,36,162,35,164,126,129,glyphs/zh-56.png
ж,zh,zh,True,italic,False,45,153,43,156,108,113,glyphs/zh-57.png
ж,zh,zh,True,italic,False,44,154,45,154,110,109,glyphs/zh-58.png
ж,zh,zh,True,italic,False,48,150,51,147,102,96,glyphs/zh-59.png
ж,zh,zh,True,italic,False,41,158,46,153,117,107,glyphs/zh-60.png
з,z,z,True,italic,False,66,132,36,162,66,126,glyphs/z-21.png
з,z,z,True,italic,False,66,133,29,169,67,140,glyphs/z-22.png
з,z,z,True,italic,False,75,124,48,151,49,103,glyphs/z-23.png
з,z,z,True,italic,False,74,124,33,165,50,132,glyphs/z-24.png
з,z,z,True,italic,False,76,122,36,162,46,126,glyphs/z-25.png
з,z,z,True,italic,False,71,128,46,153,57,107,glyphs/z-26.png
з,z,z,True,italic,False,63,135,33,166,72,133,glyphs/z-27.png
з,z,z,True,italic,False,65,134,30,168,69,138,glyphs/z-28.png
з,z,z,True,italic,False,67,131,37,161,64,124,glyphs/z-29.png
з,z,z,True,italic,False,65,133,36,163,68,127,glyphs/z-30.png
з,z,z,True,italic,False,73,125,40,158,52,118,glyphs/z-31.png
з,z,z,True,italic,False,77,121,43,156,44,113,glyphs/z-32.png
з,z,z,True,italic,False,71,128,42,156,57,114,glyphs/z-33.png
з,z,z,True,italic,False,81,118,42,156,37,114,glyphs/z-34.png
з,z,z,True,italic,False,65,134,40,159,69,119,glyphs/z-35.png
з,z,z,True,italic,False,58,141,40,158,83,118,glyphs/z-36.png
з,z,z,True,italic,False,64,135,31,168,71,137,glyphs/z-37.png
з,z,z,True,italic,False,67,131,36,163,64,127,glyphs/z-38.png
з,z,z,True,italic,False,66,133,36,163,67,127,glyphs/z-39.png
і,i,i,True,italic,False,56,143,38,160,87,122,glyphs/i-21.png
і,i,i,True,italic,False,70,129,48,151,59,103,glyphs/i-22.png
і,i,i,True,italic,False,63,136,34,165,73,131,glyphs/i-23.png
і,i,i,True,italic,False,69,129,34,164,60,130,glyphs/i-24.png
і,i,i,True,italic,False,64,135,37,161,71,124,glyphs/i-25.png
і,i,i,True,italic,False,71,128,43,156,57,113,glyphs/i-26.png
і,i,i,True,italic,False,65,133,43,156,68,113,glyphs/i-27.png
і,i,i,True,italic,False,69,130,41,158,61,117,glyphs/i-28.png
і,i,i,True,italic,False,71,128,53,146,57,93,glyphs/i-29.png
і,i,i,True,italic,False,74,124,51,148,50,97,glyphs/i-30.png
і,i,i,True,italic,False,67,131,41,158,64,117,glyphs/i-31.png
і,i,i,True,italic,False,57,141,39,159,84,120,glyphs/i-32.png
і,i,i,True,italic,False,65,133,45,153,68,108,glyphs/i-33.png
і,i,i,True,italic,False,57,142,31,167,85,136,glyphs/i-34.png
і,i,i,True,italic,False,60,139,42,156,79,114,glyphs/i-35.png
і,i,i,True,italic,False,56,143,54,145,87,91,glyphs/i-36.png
і,i,i,True,italic,False,64,134,48,151,70,103,glyphs/i-37.png
і,i,i,True,italic,False,62,136,44,154,74,110,glyphs/i-38.png
і,i,i,True,italic,False,74,124,50,149,50,99,glyphs/i-39.png
і,i,i,True,italic,False,66,133,35,163,67,128,glyphs/i-40.png
ї,yi,yi,True,italic,False,62,136,37,162,74,125,glyphs/yi-21.png
ї,yi,yi,True,italic,False,61,130,40,158,69,118,glyphs/yi-22.png
ї,yi,yi,True,italic,False,65,134,44,155,69,111,glyphs/yi-23.png
ї,yi,yi,True,italic,False,63,136,36,163,73,127,glyphs/yi-24.png
ї,yi,yi,True,italic,False,59,139,35,163,80,128,glyphs/yi-25.png
ї,yi,yi,True,italic,False,68,130,40,158,62,118,glyphs/yi-26.png
ї,yi,yi,True,italic,False,59,140,40,159,81,119,glyphs/yi-27.png
ї,yi,yi,True,italic,False,74,125,43,155,51,112,glyphs/yi-28.png
ї,yi,yi,True,italic,False,67,132,45,154,65,109,glyphs/yi-29.png
ї,yi,yi,True,italic,False,55,144,47,151,89,104,glyphs/yi-30.png
ї,yi,yi,True,italic,False,62,137,39,159,75,120,glyphs/yi-31.png
ї,yi,yi,True,italic,False,58,141,37,162,83,125,glyphs/yi-32.png
ї,yi,yi,True,italic,False,53,146,37,161,93,124,glyphs/yi-33.png
ї,yi,yi,True,italic,False,58,140,35,164,82,129,glyphs/yi-34.png
ї,yi,yi,True,italic,False,71,127,49,150,56,101,glyphs/yi-35.png
ї,yi,yi,True,italic,False,65,134,40,158,69,118,glyphs/yi-36.png
ї,yi,yi,True,italic,False,54,144,41,158,90,117,glyphs/yi-37.png
ї,yi,yi,True,italic,False,56,143,45,154,87,109,glyphs/yi-38.png
ї,yi,yi,True,italic,False,65,133,49,150,68,101,glyphs/yi-39.png
ї,yi,yi,True,italic,False,52,147,38,160,95,122,glyphs/yi-40.png
й,y,j,True,italic,False,56,143,45,153,87,108,glyphs/j-21.png
й,y,j,True,italic,False,51,148,56,142,97,86,glyphs/j-22.png
й,y,j,True,italic,False,50,149,41,157,99,116,glyphs/j-23.png
й,y,j,True,italic,False,59,140,42,157,81,115,glyphs/j-24.png
й,y,j,True,italic,False,58,141,48,151,83,103,glyphs/j-25.png
й,y,j,True,italic,False,65,134,52,146,69,94,glyphs/j-26.png
й,y,j,True,italic,False,64,134,42,156,70,114,glyphs/j-27.png
й,y,j,True,italic,False,73,126,46,152,53,106,glyphs/j-28.png
й,y,j,True,italic,False,65,134,45,153,69,108,glyphs/j-29.png
й,y,j,True,italic,False,53,145,55,144,92,89,glyphs/j-30.png
й,y,j,True,italic,False,70,129,49,150,59,101,glyphs/j-31.png
й,y,j,True,italic,False,73,125,51,148,52,97,glyphs/j-32.png
й,y,j,True,italic,False,71,128,45,154,57,109,glyphs/j-33.png
й,y,j,True,italic,False,54,145,53,145,91,92,glyphs/j-34.png
й,y,j,True,italic,False,66,133,45,153,67,108,glyphs/j-35.png
й,y,j,True,italic,False,65,133,44,154,68,110,glyphs/j-36.png
й,y,j,True,italic,False,66,133,51,147,67,96,glyphs/j-37.png
й,y,j,True,italic,False,63,136,43,155,73,112,glyphs/j-38.png
й,y,j,True,italic,False,66,132,46,153,66,107,glyphs/j-39.png
