label,transliter_kmu210,name,is_uppercase,type,is_alternate,top,bottom,left,right,height,width,filename
а,a,a,False,italic,False,69,130,67,132,61,65,simple/a-0.png
а,a,a,False,italic,False,64,134,62,136,70,74,simple/a-1.png
а,a,a,False,italic,False,66,132,69,130,66,61,simple/a-2.png
а,a,a,False,italic,False,64,134,69,130,70,61,simple/a-3.png
а,a,a,False,italic,False,68,131,66,133,63,67,simple/a-4.png
а,a,a,False,italic,False,68,131,73,126,63,53,simple/a-5.png
а,a,a,False,italic,False,62,137,69,130,75,61,simple/a-6.png
а,a,a,False,italic,False,67,132,70,129,65,59,simple/a-7.png
а,a,a,False,italic,False,66,132,64,135,66,71,simple/a-8.png
а,a,a,False,italic,False,65,134,65,134,69,69,simple/a-9.png
а,a,a,False,italic,False,67,131,64,134,64,70,simple/a-10.png
а,a,a,False,italic,False,65,134,70,129,69,59,simple/a-11.png
а,a,a,False,italic,False,62,137,63,136,75,73,simple/a-12.png
а,a,a,False,italic,False,70,128,54,145,58,91,simple/a-13.png
а,a,a,False,italic,False,65,134,63,135,69,72,simple/a-14.png
а,a,a,False,italic,False,59,140,65,133,81,68,simple/a-15.png
а,a,a,False,italic,False,58,140,51,148,82,97,simple/a-16.png
а,a,a,False,italic,False,61,137,61,138,76,77,simple/a-17.png
а,a,a,False,italic,False,57,142,48,150,85,102,simple/a-18.png
а,a,a,False,italic,False,52,147,64,135,95,71,simple/a-19.png
б,b,b,False,italic,False,70,128,52,147,58,95,simple/b-0.png
б,b,b,False,italic,False,61,138,62,137,77,75,simple/b-1.png
б,b,b,False,italic,False,72,126,44,154,54,110,simple/b-2.png
б,b,b,False,italic,False,42,156,41,158,114,117,simple/b-3.png
б,b,b,False,italic,False,71,128,52,147,57,95,simple/b-4.png
б,b,b,False,italic,False,64,135,52,146,71,94,simple/b-5.png
б,b,b,False,italic,False,69,130,49,149,61,100,simple/b-6.png
б,b,b,False,italic,False,56,142,42,156,86,114,simple/b-7.png
б,b,b,False,italic,False,48,151,49,149,103,100,simple/b-8.png
б,b,b,False,italic,False,47,151,66,132,104,66,simple/b-9.png
б,b,b,False,italic,False,72,126,26,172,54,146,simple/b-10.png
б,b,b,False,italic,False,76,122,41,157,46,116,simple/b-11.png
б,b,b,False,italic,False,71,127,48,151,56,103,simple/b-12.png
б,b,b,False,italic,False,60,139,49,149,79,100,simple/b-13.png
б,b,b,False,italic,False,69,130,38,161,61,123,simple/b-14.png
б,b,b,False,italic,False,57,141,48,150,84,102,simple/b-15.png
б,b,b,False,italic,False,51,148,56,143,97,87,simple/b-16.png
б,b,b,False,italic,False,59,139,43,155,80,112,simple/b-17.png
б,b,b,False,italic,False,71,128,42,157,57,115,simple/b-18.png
б,b,b,False,italic,False,65,134,42,156,69,114,simple/b-19.png
в,v,v,False,italic,False,73,125,43,155,52,112,simple/v-0.png
в,v,v,False,italic,False,71,127,46,152,56,106,simple/v-1.png
в,v,v,False,italic,False,70,129,47,151,59,104,simple/v-2.png
в,v,v,False,italic,False,73,126,40,159,53,119,simple/v-3.png
в,v,v,False,italic,False,73,125,33,166,52,133,simple/v-4.png
в,v,v,False,italic,False,61,137,36,162,76,126,simple/v-5.png
в,v,v,False,italic,False,72,127,41,157,55,116,simple/v-6.png
в,v,v,False,italic,False,69,130,33,166,61,133,simple/v-7.png
в,v,v,False,italic,False,78,121,50,148,43,98,simple/v-8.png
в,v,v,False,italic,False,76,122,35,164,46,129,simple/v-9.png
в,v,v,False,italic,False,63,135,39,160,72,121,simple/v-10.png
в,v,v,False,italic,False,77,122,36,162,45,126,simple/v-11.png
в,v,v,False,italic,False,72,127,39,160,55,121,simple/v-12.png
в,v,v,False,italic,False,68,130,28,170,62,142,simple/v-13.png
в,v,v,False,italic,False,78,120,49,150,42,101,simple/v-14.png
в,v,v,False,italic,False,75,124,38,160,49,122,simple/v-15.png
в,v,v,False,italic,False,71,128,42,156,57,114,simple/v-16.png
в,v,v,False,italic,False,63,135,40,159,72,119,simple/v-17.png
в,v,v,False,italic,False,73,125,41,158,52,117,simple/v-18.png
г,h,h,False,italic,False,70,129,72,126,59,54,simple/h-0.png
г,h,h,False,italic,False,61,138,71,127,77,56,simple/h-1.png
г,h,h,False,italic,False,72,127,64,134,55,70,simple/h-2.png
г,h,h,False,italic,False,80,118,65,134,38,69,simple/h-3.png
г,h,h,False,italic,False,67,132,70,129,65,59,simple/h-4.png
г,h,h,False,italic,False,76,122,70,128,46,58,simple/h-5.png
г,h,h,False,italic,False,58,140,61,137,82,76,simple/h-6.png
г,h,h,False,italic,False,62,137,69,129,75,60,simple/h-7.png
г,h,h,False,italic,False,75,124,64,134,49,70,simple/h-8.png
г,h,h,False,italic,False,66,133,65,133,67,68,simple/h-9.png
г,h,h,False,italic,False,60,138,69,129,78,60,simple/h-10.png
г,h,h,False,italic,False,75,124,58,141,49,83,simple/h-11.png
г,h,h,False,italic,False,65,134,68,131,69,63,simple/h-12.png
г,h,h,False,italic,False,61,137,60,139,76,79,simple/h-13.png
г,h,h,False,italic,False,58,141,67,131,83,64,simple/h-14.png
г,h,h,False,italic,False,73,126,61,137,53,76,simple/h-15.png
г,h,h,False,italic,False,62,136,63,136,74,73,simple/h-16.png
г,h,h,False,italic,False,63,135,61,137,72,76,simple/h-17.png
г,h,h,False,italic,False,53,146,66,132,93,66,simple/h-18.png
г,h,h,False,italic,False,74,124,63,135,50,72,simple/h-19.png
ґ,g,g,False,italic,False,56,142,61,138,86,77,simple/g-0.png
ґ,g,g,False,italic,False,49,149,65,134,100,69,simple/g-1.png
ґ,g,g,False,italic,False,64,134,54,144,70,90,simple/g-2.png
ґ,g,g,False,italic,False,51,148,72,127,97,55,simple/g-3.png
ґ,g,g,False,italic,False,58,140,60,139,82,79,simple/g-4.png
ґ,g,g,False,italic,False,59,139,53,145,80,92,simple/g-5.png
ґ,g,g,False,italic,False,47,151,58,141,104,83,simple/g-6.png
ґ,g,g,False,italic,False,53,145,57,141,92,84,simple/g-7.png
ґ,g,g,False,italic,False,46,152,59,139,106,80,simple/g-8.png
ґ,g,g,False,italic,False,75,124,49,149,49,100,simple/g-9.png
ґ,g,g,False,italic,False,69,129,55,143,60,88,simple/g-10.png
ґ,g,g,False,italic,False,70,129,63,135,59,72,simple/g-11.png
ґ,g,g,False,italic,False,58,141,52,146,83,94,simple/g-12.png
ґ,g,g,False,italic,False,49,150,55,144,101,89,simple/g-13.png
ґ,g,g,False,italic,False,35,163,63,135,128,72,simple/g-14.png
ґ,g,g,False,italic,False,41,157,61,138,116,77,simple/g-15.png
ґ,g,g,False,italic,False,51,148,45,153,97,108,simple/g-16.png
ґ,g,g,False,italic,False,52,146,55,144,94,89,simple/g-17.png
ґ,g,g,False,italic,False,48,151,46,152,103,106,simple/g-18.png
ґ,g,g,False,italic,False,41,158,66,132,117,66,simple/g-19.png
д,d,d,False,italic,False,69,129,55,143,60,88,simple/d-0.png
д,d,d,False,italic,False,67,131,44,155,64,111,simple/d-1.png
д,d,d,False,italic,False,73,125,52,147,52,95,simple/d-2.png
д,d,d,False,italic,False,66,133,37,162,67,125,simple/d-3.png
д,d,d,False,italic,False,52,146,31,167,94,136,simple/d-4.png
д,d,d,False,italic,False,67,131,41,157,64,116,simple/d-5.png
д,d,d,False,italic,False,70,128,36,162,58,126,simple/d-6.png
д,d,d,False,italic,False,65,134,43,155,69,112,simple/d-7.png
д,d,d,False,italic,False,65,133,40,159,68,119,simple/d-8.png
д,d,d,False,italic,False,54,145,40,158,91,118,simple/d-9.png
д,d,d,False,italic,False,69,130,29,170,61,141,simple/d-10.png
д,d,d,False,italic,True,64,135,52,147,71,95,simple/d-11.png
д,d,d,False,italic,True,62,137,41,157,75,116,simple/d-12.png
д,d,d,False,italic,True,48,150,46,152,102,106,simple/d-13.png
д,d,d,False,italic,True,62,137,40,158,75,118,simple/d-14.png
д,d,d,False,italic,True,58,140,33,166,82,133,simple/d-15.png
д,d,d,False,italic,True,55,144,52,147,89,95,simple/d-16.png
д,d,d,False,italic,True,65,134,42,157,69,115,simple/d-17.png
д,d,d,False,italic,True,64,135,44,154,71,110,simple/d-18.png
д,d,d,False,italic,True,64,135,48,150,71,102,simple/d-19.png
е,e,e,False,italic,False,77,122,74,125,45,51,simple/e-0.png
е,e,e,False,italic,False,69,130,50,149,61,99,simple/e-1.png
е,e,e,False,italic,False,71,127,56,143,56,87,simple/e-2.png
е,e,e,False,italic,False,67,132,56,142,65,86,simple/e-3.png
е,e,e,False,italic,False,77,121,52,147,44,95,simple/e-4.png
е,e,e,False,italic,False,75,123,60,139,48,79,simple/e-5.png
е,e,e,False,italic,False,66,132,64,134,66,70,simple/e-6.png
е,e,e,False,italic,False,66,132,44,155,66,111,simple/e-7.png
е,e,e,False,italic,False,66,132,62,137,66,75,simple/e-8.png
е,e,e,False,italic,False,74,124,54,144,50,90,simple/e-9.png
е,e,e,False,italic,False,63,136,62,137,73,75,simple/e-10.png
е,e,e,False,italic,False,66,132,62,137,66,75,simple/e-11.png
е,e,e,False,italic,False,72,127,60,139,55,79,simple/e-12.png
е,e,e,False,italic,False,62,136,50,148,74,98,simple/e-13.png
е,e,e,False,italic,False,70,129,63,135,59,72,simple/e-14.png
е,e,e,False,italic,False,66,133,50,148,67,98,simple/e-15.png
е,e,e,False,italic,False,65,134,57,142,69,85,simple/e-16.png
е,e,e,False,italic,False,69,130,54,144,61,90,simple/e-17.png
е,e,e,False,italic,False,70,129,51,148,59,97,simple/e-18.png
е,e,e,False,italic,False,65,133,55,143,68,88,simple/e-19.png
д,d,d,False,italic,False,63,135,48,150,72,102,simple/d-20.png
д,d,d,False,italic,False,61,137,48,151,76,103,simple/d-21.png
д,d,d,False,italic,False,65,134,55,144,69,89,simple/d-22.png
д,d,d,False,italic,False,63,135,58,141,72,83,simple/d-23.png
д,d,d,False,italic,False,51,148,55,143,97,88,simple/d-24.png
д,d,d,False,italic,False,67,132,44,155,65,111,simple/d-25.png
д,d,d,False,italic,False,64,135,52,146,71,94,simple/d-26.png
д,d,d,False,italic,False,57,142,51,148,85,97,simple/d-27.png
д,d,d,False,italic,False,75,124,56,143,49,87,simple/d-28.png
д,d,d,False,italic,False,68,130,50,148,62,98,simple/d-29.png
д,d,d,False,italic,False,69,130,53,145,61,92,simple/d-30.png
д,d,d,False,italic,False,55,144,41,158,89,117,simple/d-31.png
д,d,d,False,italic,False,68,131,50,148,63,98,simple/d-32.png
д,d,d,False,italic,False,81,118,41,157,37,116,simple/d-33.png
д,d,d,False,italic,False,69,130,43,155,61,112,simple/d-34.png
д,d,d,False,italic,False,53,145,48,150,92,102,simple/d-35.png
д,d,d,False,italic,False,76,123,42,157,47,115,simple/d-36.png
д,d,d,False,italic,False,49,150,37,162,101,125,simple/d-37.png
д,d,d,False,italic,False,50,149,41,157,99,116,simple/d-38.png
д,d,d,False,italic,False,71,128,47,152,57,105,simple/d-39.png
є,ye,ye,False,italic,False,76,123,67,132,47,65,simple/ye-0.png
є,ye,ye,False,italic,False,74,124,63,136,50,73,simple/ye-1.png
є,ye,ye,False,italic,False,75,123,67,131,48,64,simple/ye-2.png
є,ye,ye,False,italic,False,73,126,63,135,53,72,simple/ye-3.png
є,ye,ye,False,italic,False,75,123,65,133,48,68,simple/ye-4.png
є,ye,ye,False,italic,False,66,133,49,150,67,101,simple/ye-5.png
є,ye,ye,False,italic,False,72,127,52,146,55,94,simple/ye-6.png
є,ye,ye,False,italic,False,75,124,66,132,49,66,simple/ye-7.png
є,ye,ye,False,italic,False,73,126,60,138,53,78,simple/ye-8.png
є,ye,ye,False,italic,False,62,136,58,141,74,83,simple/ye-9.png
є,ye,ye,False,italic,False,75,124,61,138,49,77,simple/ye-10.png
є,ye,ye,False,italic,False,76,122,63,135,46,72,simple/ye-11.png
є,ye,ye,False,italic,False,81,118,60,138,37,78,simple/ye-12.png
є,ye,ye,False,italic,False,78,120,59,139,42,80,simple/ye-13.png
є,ye,ye,False,italic,False,82,116,60,139,34,79,simple/ye-14.png
є,ye,ye,False,italic,False,83,116,64,134,33,70,simple/ye-15.png
є,ye,ye,False,italic,False,77,122,62,137,45,75,simple/ye-16.png
є,ye,ye,False,italic,False,82,116,54,145,34,91,simple/ye-17.png
є,ye,ye,False,italic,False,77,121,60,139,44,79,simple/ye-18.png
є,ye,ye,False,italic,False,73,126,58,141,53,83,simple/ye-19.png
ж,zh,zh,False,italic,False,31,168,62,136,137,74,simple/zh-0.png
ж,zh,zh,False,italic,False,42,157,73,126,115,53,simple/zh-1.png
ж,zh,zh,False,italic,False,49,150,66,132,101,66,simple/zh-2.png
ж,zh,zh,False,italic,False,53,145,61,137,92,76,simple/zh-3.png
ж,zh,zh,False,italic,False,50,149,58,140,99,82,simple/zh-4.png
ж,zh,zh,False,italic,False,48,151,68,130,103,62,simple/zh-5.png
ж,zh,zh,False,italic,False,49,149,66,132,100,66,simple/zh-6.png
ж,zh,zh,False,italic,False,42,157,65,134,115,69,simple/zh-7.png
ж,zh,zh,False,italic,False,58,140,63,136,82,73,simple/zh-8.png
ж,zh,zh,False,italic,False,42,157,62,136,115,74,simple/zh-9.png
ж,zh,zh,False,italic,False,48,150,69,129,102,60,simple/zh-10.png
ж,zh,zh,False,italic,False,47,152,69,130,105,61,simple/zh-11.png
ж,zh,zh,False,italic,False,50,148,64,135,98,71,simple/zh-12.png
ж,zh,zh,False,italic,False,57,142,62,137,85,75,simple/zh-13.png
ж,zh,zh,False,italic,False,52,146,57,141,94,84,simple/zh-14.png
ж,zh,zh,False,italic,False,60,139,67,131,79,64,simple/zh-15.png
ж,zh,zh,False,italic,False,53,145,60,138,92,78,simple/zh-16.png
ж,zh,zh,False,italic,False,45,153,51,147,108,96,simple/zh-17.png
ж,zh,zh,False,italic,False,54,145,60,138,91,78,simple/zh-18.png
ж,zh,zh,False,italic,False,44,155,66,133,111,67,simple/zh-19.png
ж,zh,zh,False,italic,True,40,158,67,132,118,65,simple/zh-20.png
ж,zh,zh,False,italic,True,49,149,67,131,100,64,simple/zh-21.png
ж,zh,zh,False,italic,True,44,155,68,130,111,62,simple/zh-22.png
ж,zh,zh,False,italic,True,49,150,70,128,101,58,simple/zh-23.png
ж,zh,zh,False,italic,True,75,124,65,133,49,68,simple/zh-24.png
ж,zh,zh,False,italic,True,66,133,56,142,67,86,simple/zh-25.png
ж,zh,zh,False,italic,True,55,143,64,135,88,71,simple/zh-26.png
ж,zh,zh,False,italic,True,51,147,61,138,96,77,simple/zh-27.png
ж,zh,zh,False,italic,True,51,148,59,140,97,81,simple/zh-28.png
ж,zh,zh,False,italic,True,64,135,55,143,71,88,simple/zh-29.png
ж,zh,zh,False,italic,True,51,148,65,134,97,69,simple/zh-30.png
ж,zh,zh,False,italic,True,47,152,66,132,105,66,simple/zh-31.png
ж,zh,zh,False,italic,True,43,155,68,131,112,63,simple/zh-32.png
ж,zh,zh,False,italic,True,49,150,66,132,101,66,simple/zh-33.png
ж,zh,zh,False,italic,True,48,151,61,138,103,77,simple/zh-34.png
ж,zh,zh,False,italic,True,53,146,67,131,93,64,simple/zh-35.png
ж,zh,zh,False,italic,True,43,155,61,137,112,76,simple/zh-36.png
ж,zh,zh,False,italic,True,40,158,58,140,118,82,simple/zh-37.png
ж,zh,zh,False,italic,True,47,151,67,132,104,65,simple/zh-38.png
ж,zh,zh,False,italic,True,38,160,66,133,122,67,simple/zh-39.png
з,z,z,False,italic,False,63,135,44,154,72,110,simple/z-0.png
з,z,z,False,italic,False,71,127,39,159,56,120,simple/z-1.png
з,z,z,False,italic,False,70,129,45,153,59,108,simple/z-2.png
з,z,z,False,italic,False,66,132,38,160,66,122,simple/z-3.png
з,z,z,False,italic,False,61,137,40,158,76,118,simple/z-4.png
з,z,z,False,italic,False,64,135,38,161,71,123,simple/z-5.png
з,z,z,False,italic,False,63,136,38,160,73,122,simple/z-6.png
з,z,z,False,italic,False,68,130,40,159,62,119,simple/z-7.png
з,z,z,False,italic,False,69,130,53,146,61,93,simple/z-8.png
з,z,z,False,italic,False,67,131,64,135,64,71,simple/z-9.png
з,z,z,False,italic,False,54,145,35,164,91,129,simple/z-10.png
з,z,z,False,italic,False,61,137,40,158,76,118,simple/z-11.png
з,z,z,False,italic,False,71,127,43,156,56,113,simple/z-12.png
з,z,z,False,italic,False,58,140,47,152,82,105,simple/z-13.png
з,z,z,False,italic,False,68,131,45,153,63,108,simple/z-14.png
з,z,z,False,italic,False,60,138,50,148,78,98,simple/z-15.png
з,z,z,False,italic,False,58,141,43,155,83,112,simple/z-16.png
з,z,z,False,italic,False,60,138,48,151,78,103,simple/z-17.png
з,z,z,False,italic,False,58,140,49,150,82,101,simple/z-18.png
з,z,z,False,italic,False,71,127,47,151,56,104,simple/z-19.png
и,y,y,False,italic,False,63,136,60,139,73,79,simple/y-0.png
и,y,y,False,italic,False,57,141,72,127,84,55,simple/y-1.png
и,y,y,False,italic,False,66,133,62,136,67,74,simple/y-2.png
и,y,y,False,italic,False,60,139,69,129,79,60,simple/y-3.png
и,y,y,False,italic,False,68,130,70,129,62,59,simple/y-4.png
и,y,y,False,italic,False,60,139,64,135,79,71,simple/y-5.png
и,y,y,False,italic,False,62,137,55,144,75,89,simple/y-6.png
и,y,y,False,italic,False,55,144,60,138,89,78,simple/y-7.png
и,y,y,False,italic,False,64,134,72,127,70,55,simple/y-8.png
и,y,y,False,italic,False,51,147,67,132,96,65,simple/y-9.png
и,y,y,False,italic,False,66,132,62,136,66,74,simple/y-10.png
и,y,y,False,italic,False,69,129,70,128,60,58,simple/y-11.png
и,y,y,False,italic,False,69,129,70,128,60,58,simple/y-12.png
и,y,y,False,italic,False,67,131,62,137,64,75,simple/y-13.png
и,y,y,False,italic,False,63,135,69,129,72,60,simple/y-14.png
и,y,y,False,italic,False,58,140,69,129,82,60,simple/y-15.png
и,y,y,False,italic,False,57,141,75,124,84,49,simple/y-16.png
и,y,y,False,italic,False,66,133,49,149,67,100,simple/y-17.png
і,i,i,False,italic,False,74,124,63,135,50,72,simple/i-0.png
і,i,i,False,italic,False,89,110,55,144,21,89,simple/i-1.png
і,i,i,False,italic,False,89,110,56,143,21,87,simple/i-2.png
і,i,i,False,italic,False,74,124,54,144,50,90,simple/i-3.png
і,i,i,False,italic,False,68,130,62,136,62,74,simple/i-4.png
і,i,i,False,italic,False,84,114,55,143,30,88,simple/i-5.png
і,i,i,False,italic,False,73,125,45,154,52,109,simple/i-6.png
і,i,i,False,italic,False,61,138,47,151,77,104,simple/i-7.png
і,i,i,False,italic,False,82,116,50,148,34,98,simple/i-8.png
і,i,i,False,italic,False,83,115,52,147,32,95,simple/i-9.png
і,i,i,False,italic,False,77,121,47,152,44,105,simple/i-10.png
і,i,i,False,italic,False,76,123,50,148,47,98,simple/i-11.png
і,i,i,False,italic,False,79,119,51,147,40,96,simple/i-12.png
і,i,i,False,italic,False,83,116,53,146,33,93,simple/i-13.png
і,i,i,False,italic,False,78,120,57,141,42,84,simple/i-14.png
і,i,i,False,italic,False,81,117,52,146,36,94,simple/i-15.png
і,i,i,False,italic,False,70,129,54,145,59,91,simple/i-16.png
і,i,i,False,italic,False,87,112,47,152,25,105,simple/i-17.png
і,i,i,False,italic,False,88,110,56,143,22,87,simple/i-18.png
і,i,i,False,italic,False,81,117,42,157,36,115,simple/i-19.png
ї,yi,yi,False,italic,False,69,130,43,156,61,113,simple/yi-0.png
ї,yi,yi,False,italic,False,74,125,57,141,51,84,simple/yi-1.png
ї,yi,yi,False,italic,False,74,124,55,144,50,89,simple/yi-2.png
ї,yi,yi,False,italic,False,82,117,46,153,35,107,simple/yi-3.png
ї,yi,yi,False,italic,False,68,131,51,147,63,96,simple/yi-4.png
ї,yi,yi,False,italic,False,81,118,39,159,37,120,simple/yi-5.png
ї,yi,yi,False,italic,False,64,135,51,148,71,97,simple/yi-6.png
ї,yi,yi,False,italic,False,75,124,48,151,49,103,simple/yi-7.png
ї,yi,yi,False,italic,False,80,119,44,154,39,110,simple/yi-8.png
ї,yi,yi,False,italic,False,68,131,41,158,63,117,simple/yi-9.png
ї,yi,yi,False,italic,False,72,127,44,155,55,111,simple/yi-10.png
ї,yi,yi,False,italic,False,63,136,39,160,73,121,simple/yi-11.png
ї,yi,yi,False,italic,False,69,129,57,142,60,85,simple/yi-12.png
ї,yi,yi,False,italic,False,60,139,51,148,79,97,simple/yi-13.png
ї,yi,yi,False,italic,False,63,136,52,147,73,95,simple/yi-14.png
ї,yi,yi,False,italic,False,78,121,57,142,43,85,simple/yi-15.png
ї,yi,yi,False,italic,False,76,123,44,155,47,111,simple/yi-16.png
ї,yi,yi,False,italic,False,75,123,55,144,48,89,simple/yi-17.png
ї,yi,yi,False,italic,False,63,136,49,149,73,100,simple/yi-18.png
ї,yi,yi,False,italic,False,75,124,51,147,49,96,simple/yi-19.png
й,y,j,False,italic,False,64,135,52,146,71,94,simple/j-0.png
й,y,j,False,italic,False,69,130,48,151,61,103,simple/j-1.png
й,y,j,False,italic,False,73,126,44,154,53,110,simple/j-2.png
й,y,j,False,italic,False,70,128,40,158,58,118,simple/j-3.png
й,y,j,False,italic,False,69,129,51,148,60,97,simple/j-4.png
й,y,j,False,italic,False,68,131,52,147,63,95,simple/j-5.png
й,y,j,False,italic,False,72,126,54,145,54,91,simple/j-6.png
й,y,j,False,italic,False,66,132,54,144,66,90,simple/j-7.png
й,y,j,False,italic,False,66,132,53,145,66,92,simple/j-8.png
й,y,j,False,italic,False,68,131,47,151,63,104,simple/j-9.png
й,y,j,False,italic,False,68,131,51,148,63,97,simple/j-10.png
й,y,j,False,italic,False,73,126,52,147,53,95,simple/j-11.png
й,y,j,False,italic,False,69,130,55,143,61,88,simple/j-12.png
й,y,j,False,italic,False,72,127,52,146,55,94,simple/j-13.png
й,y,j,False,italic,False,71,127,58,141,56,83,simple/j-14.png
й,y,j,False,italic,False,70,128,51,147,58,96,simple/j-15.png
й,y,j,False,italic,False,69,130,58,140,61,82,simple/j-16.png
й,y,j,False,italic,False,68,130,62,137,62,75,simple/j-17.png
й,y,j,False,italic,False,68,130,53,145,62,92,simple/j-18.png
й,y,j,False,italic,False,62,136,37,162,74,125,simple/j-19.png
к,k,k,False,italic,False,72,127,61,137,55,76,simple/k-0.png
к,k,k,False,italic,False,71,127,66,133,56,67,simple/k-1.png
к,k,k,False,italic,False,78,121,70,128,43,58,simple/k-2.png
к,k,k,False,italic,False,71,128,61,138,57,77,simple/k-3.png
к,k,k,False,italic,False,77,122,63,136,45,73,simple/k-4.png
к,k,k,False,italic,False,75,123,64,134,48,70,simple/k-5.png
к,k,k,False,italic,False,69,129,58,140,60,82,simple/k-6.png
к,k,k,False,italic,False,72,127,63,136,55,73,simple/k-7.png
к,k,k,False,italic,False,77,121,70,129,44,59,simple/k-8.png
к,k,k,False,italic,False,69,129,57,142,60,85,simple/k-9.png
к,k,k,False,italic,False,69,130,62,137,61,75,simple/k-10.png
к,k,k,False,italic,False,73,126,65,134,53,69,simple/k-11.png
к,k,k,False,italic,False,76,123,72,126,47,54,simple/k-12.png
к,k,k,False,italic,False,65,133,60,138,68,78,simple/k-13.png
к,k,k,False,italic,False,68,131,65,134,63,69,simple/k-14.png
к,k,k,False,italic,False,68,130,64,135,62,71,simple/k-15.png
к,k,k,False,italic,False,65,133,54,145,68,91,simple/k-16.png
к,k,k,False,italic,False,61,137,55,144,76,89,simple/k-17.png
к,k,k,False,italic,False,70,129,55,144,59,89,simple/k-18.png
к,k,k,False,italic,False,62,136,59,139,74,80,simple/k-19.png
л,l,l,False,italic,False,52,146,66,133,94,67,simple/l-0.png
л,l,l,False,italic,False,69,129,61,138,60,77,simple/l-1.png
л,l,l,False,italic,False,70,128,63,135,58,72,simple/l-2.png
л,l,l,False,italic,False,57,141,58,141,84,83,simple/l-3.png
л,l,l,False,italic,False,59,139,70,129,80,59,simple/l-4.png
л,l,l,False,italic,False,65,134,50,149,69,99,simple/l-5.png
л,l,l,False,italic,False,75,123,53,145,48,92,simple/l-6.png
л,l,l,False,italic,False,67,131,52,146,64,94,simple/l-7.png
л,l,l,False,italic,False,71,127,54,144,56,90,simple/l-8.png
л,l,l,False,italic,False,74,125,46,152,51,106,simple/l-9.png
л,l,l,False,italic,False,53,145,49,150,92,101,simple/l-10.png
л,l,l,False,italic,False,65,133,62,137,68,75,simple/l-11.png
л,l,l,False,italic,False,56,143,59,139,87,80,simple/l-12.png
л,l,l,False,italic,False,59,140,48,150,81,102,simple/l-13.png
л,l,l,False,italic,False,62,137,57,142,75,85,simple/l-14.png
л,l,l,False,italic,False,55,143,46,152,88,106,simple/l-15.png
л,l,l,False,italic,False,63,136,53,145,73,92,simple/l-16.png
л,l,l,False,italic,False,57,141,51,148,84,97,simple/l-17.png
л,l,l,False,italic,False,59,139,50,149,80,99,simple/l-18.png
л,l,l,False,italic,False,55,143,40,158,88,118,simple/l-19.png
м,m,m,False,italic,False,47,151,67,132,104,65,simple/m-0.png
м,m,m,False,italic,False,57,142,51,147,85,96,simple/m-1.png
м,m,m,False,italic,False,56,142,55,143,86,88,simple/m-2.png
м,m,m,False,italic,False,54,144,53,146,90,93,simple/m-3.png
м,m,m,False,italic,False,48,151,63,135,103,72,simple/m-4.png
м,m,m,False,italic,False,55,143,58,141,88,83,simple/m-5.png
м,m,m,False,italic,False,49,149,63,135,100,72,simple/m-6.png
м,m,m,False,italic,False,58,141,71,128,83,57,simple/m-7.png
м,m,m,False,italic,False,52,147,50,148,95,98,simple/m-8.png
м,m,m,False,italic,False,50,149,57,141,99,84,simple/m-9.png
м,m,m,False,italic,False,48,150,60,139,102,79,simple/m-10.png
м,m,m,False,italic,False,63,136,62,137,73,75,simple/m-11.png
м,m,m,False,italic,False,55,143,56,143,88,87,simple/m-12.png
м,m,m,False,italic,False,55,143,60,139,88,79,simple/m-13.png
м,m,m,False,italic,False,60,138,54,145,78,91,simple/m-14.png
м,m,m,False,italic,False,50,148,56,143,98,87,simple/m-15.png
м,m,m,False,italic,False,53,146,54,145,93,91,simple/m-16.png
м,m,m,False,italic,False,41,157,60,139,116,79,simple/m-17.png
м,m,m,False,italic,False,48,151,58,140,103,82,simple/m-18.png
м,m,m,False,italic,False,57,142,65,134,85,69,simple/m-19.png
н,n,n,False,italic,False,67,132,65,134,65,69,simple/n-0.png
н,n,n,False,italic,False,57,141,60,139,84,79,simple/n-1.png
н,n,n,False,italic,False,62,136,61,137,74,76,simple/n-2.png
н,n,n,False,italic,False,63,135,63,135,72,72,simple/n-3.png
н,n,n,False,italic,False,58,141,69,130,83,61,simple/n-4.png
н,n,n,False,italic,False,69,129,64,134,60,70,simple/n-5.png
н,n,n,False,italic,False,61,137,57,141,76,84,simple/n-6.png
н,n,n,False,italic,False,62,137,57,141,75,84,simple/n-7.png
н,n,n,False,italic,False,59,140,58,141,81,83,simple/n-8.png
н,n,n,False,italic,False,65,133,66,132,68,66,simple/n-9.png
н,n,n,False,italic,False,64,135,70,128,71,58,simple/n-10.png
н,n,n,False,italic,False,58,140,68,131,82,63,simple/n-11.png
н,n,n,False,italic,False,73,125,57,141,52,84,simple/n-12.png
н,n,n,False,italic,False,62,136,62,137,74,75,simple/n-13.png
н,n,n,False,italic,False,68,130,63,136,62,73,simple/n-14.png
н,n,n,False,italic,False,69,129,68,131,60,63,simple/n-15.png
н,n,n,False,italic,False,67,132,58,141,65,83,simple/n-16.png
н,n,n,False,italic,False,59,140,63,136,81,73,simple/n-17.png
н,n,n,False,italic,False,69,129,63,135,60,72,simple/n-18.png
о,o,o,False,italic,False,71,127,72,127,56,55,simple/o-0.png
о,o,o,False,italic,False,69,130,62,136,61,74,simple/o-1.png
о,o,o,False,italic,False,74,125,65,133,51,68,simple/o-2.png
о,o,o,False,italic,False,70,129,58,140,59,82,simple/o-3.png
о,o,o,False,italic,False,77,122,66,133,45,67,simple/o-4.png
о,o,o,False,italic,False,71,128,61,138,57,77,simple/o-5.png
о,o,o,False,italic,False,69,130,49,150,61,101,simple/o-6.png
о,o,o,False,italic,False,66,132,52,146,66,94,simple/o-7.png
о,o,o,False,italic,False,75,124,59,139,49,80,simple/o-8.png
о,o,o,False,italic,False,82,116,62,137,34,75,simple/o-9.png
о,o,o,False,italic,False,79,119,49,150,40,101,simple/o-10.png
о,o,o,False,italic,False,70,128,45,153,58,108,simple/o-11.png
о,o,o,False,italic,False,72,127,53,146,55,93,simple/o-12.png
о,o,o,False,italic,False,73,126,55,143,53,88,simple/o-13.png
о,o,o,False,italic,False,78,121,50,148,43,98,simple/o-14.png
о,o,o,False,italic,False,77,121,54,144,44,90,simple/o-15.png
о,o,o,False,italic,False,79,119,52,146,40,94,simple/o-16.png
о,o,o,False,italic,False,71,128,46,152,57,106,simple/o-17.png
о,o,o,False,italic,False,71,128,68,130,57,62,simple/o-18.png
п,p,p,False,italic,False,74,124,60,138,50,78,simple/p-0.png
п,p,p,False,italic,False,66,132,53,146,66,93,simple/p-1.png
п,p,p,False,italic,False,58,140,61,137,82,76,simple/p-2.png
п,p,p,False,italic,False,66,132,59,139,66,80,simple/p-3.png
п,p,p,False,italic,False,64,135,58,140,71,82,simple/p-4.png
п,p,p,False,italic,False,66,133,67,132,67,65,simple/p-5.png
п,p,p,False,italic,False,54,145,68,131,91,63,simple/p-6.png
п,p,p,False,italic,False,62,137,66,133,75,67,simple/p-7.png
п,p,p,False,italic,False,58,141,64,134,83,70,simple/p-8.png
п,p,p,False,italic,False,57,142,65,133,85,68,simple/p-9.png
п,p,p,False,italic,False,48,150,57,141,102,84,simple/p-10.png
п,p,p,False,italic,False,57,141,59,140,84,81,simple/p-11.png
п,p,p,False,italic,False,44,155,58,141,111,83,simple/p-12.png
п,p,p,False,italic,False,64,134,58,141,70,83,simple/p-13.png
п,p,p,False,italic,False,59,140,64,135,81,71,simple/p-14.png
п,p,p,False,italic,False,52,147,60,139,95,79,simple/p-15.png
п,p,p,False,italic,False,54,144,67,132,90,65,simple/p-16.png
п,p,p,False,italic,False,53,145,64,134,92,70,simple/p-17.png
р,r,r,False,italic,False,68,130,51,148,62,97,simple/r-0.png
р,r,r,False,italic,False,69,130,58,141,61,83,simple/r-1.png
р,r,r,False,italic,False,66,133,45,154,67,109,simple/r-2.png
р,r,r,False,italic,False,60,139,43,156,79,113,simple/r-3.png
р,r,r,False,italic,False,62,137,52,146,75,94,simple/r-4.png
р,r,r,False,italic,False,73,126,40,159,53,119,simple/r-5.png
р,r,r,False,italic,False,64,135,51,147,71,96,simple/r-6.png
р,r,r,False,italic,False,50,148,43,155,98,112,simple/r-7.png
р,r,r,False,italic,False,58,141,64,134,83,70,simple/r-8.png
р,r,r,False,italic,False,60,139,47,151,79,104,simple/r-9.png
р,r,r,False,italic,False,54,144,39,160,90,121,simple/r-10.png
р,r,r,False,italic,False,63,135,47,151,72,104,simple/r-11.png
р,r,r,False,italic,False,66,133,48,150,67,102,simple/r-12.png
р,r,r,False,italic,False,64,134,52,146,70,94,simple/r-13.png
р,r,r,False,italic,False,67,131,47,151,64,104,simple/r-14.png
р,r,r,False,italic,False,62,137,57,141,75,84,simple/r-15.png
р,r,r,False,italic,False,55,143,47,151,88,104,simple/r-16.png
р,r,r,False,italic,False,62,137,46,152,75,106,simple/r-17.png
р,r,r,False,italic,False,64,135,47,152,71,105,simple/r-18.png
р,r,r,False,italic,False,53,145,42,157,92,115,simple/r-19.png
с,s,s,False,italic,False,73,126,58,141,53,83,simple/s-0.png
с,s,s,False,italic,False,83,116,67,132,33,65,simple/s-1.png
с,s,s,False,italic,False,86,112,56,142,26,86,simple/s-2.png
с,s,s,False,italic,False,72,127,50,148,55,98,simple/s-3.png
с,s,s,False,italic,False,72,126,60,139,54,79,simple/s-4.png
с,s,s,False,italic,False,72,126,65,133,54,68,simple/s-5.png
с,s,s,False,italic,False,65,133,69,129,68,60,simple/s-6.png
с,s,s,False,italic,False,66,133,60,139,67,79,simple/s-7.png
с,s,s,False,italic,False,68,130,61,138,62,77,simple/s-8.png
с,s,s,False,italic,False,74,125,54,145,51,91,simple/s-9.png
с,s,s,False,italic,False,63,136,58,140,73,82,simple/s-10.png
с,s,s,False,italic,False,63,136,56,143,73,87,simple/s-11.png
с,s,s,False,italic,False,79,119,53,145,40,92,simple/s-12.png
с,s,s,False,italic,False,64,135,53,146,71,93,simple/s-13.png
с,s,s,False,italic,False,78,120,51,148,42,97,simple/s-14.png
с,s,s,False,italic,False,59,139,48,151,80,103,simple/s-15.png
с,s,s,False,italic,False,72,126,67,132,54,65,simple/s-16.png
с,s,s,False,italic,False,69,129,52,147,60,95,simple/s-17.png
с,s,s,False,italic,False,69,130,74,125,61,51,simple/s-18.png
т,t,t,False,italic,False,48,150,68,130,102,62,simple/t-0.png
т,t,t,False,italic,False,48,150,63,136,102,73,simple/t-1.png
т,t,t,False,italic,False,43,155,52,146,112,94,simple/t-2.png
т,t,t,False,italic,False,49,149,54,145,100,91,simple/t-3.png
т,t,t,False,italic,False,43,156,64,135,113,71,simple/t-4.png
т,t,t,False,italic,False,46,152,63,136,106,73,simple/t-5.png
т,t,t,False,italic,False,42,157,54,144,115,90,simple/t-6.png
т,t,t,False,italic,False,49,149,53,146,100,93,simple/t-7.png
т,t,t,False,italic,False,43,155,54,144,112,90,simple/t-8.png
т,t,t,False,italic,False,57,142,59,140,85,81,simple/t-9.png
т,t,t,False,italic,False,56,142,63,135,86,72,simple/t-10.png
т,t,t,False,italic,False,56,142,67,131,86,64,simple/t-11.png
т,t,t,False,italic,False,47,152,66,133,105,67,simple/t-12.png
т,t,t,False,italic,False,53,145,61,138,92,77,simple/t-13.png
т,t,t,False,italic,False,40,158,67,131,118,64,simple/t-14.png
т,t,t,False,italic,False,48,151,61,138,103,77,simple/t-15.png
т,t,t,False,italic,False,43,156,61,137,113,76,simple/t-16.png
т,t,t,False,italic,False,47,151,63,135,104,72,simple/t-17.png
т,t,t,False,italic,False,50,148,59,139,98,80,simple/t-18.png
у,u,u,False,italic,False,62,136,42,156,74,114,simple/u-0.png
у,u,u,False,italic,False,59,140,41,157,81,116,simple/u-1.png
у,u,u,False,italic,False,64,134,34,165,70,131,simple/u-2.png
у,u,u,False,italic,False,62,137,51,147,75,96,simple/u-3.png
у,u,u,False,italic,False,67,132,48,150,65,102,simple/u-4.png
у,u,u,False,italic,False,53,146,40,158,93,118,simple/u-5.png
у,u,u,False,italic,False,61,137,35,163,76,128,simple/u-6.png
у,u,u,False,italic,False,57,142,44,154,85,110,simple/u-7.png
у,u,u,False,italic,False,56,142,42,156,86,114,simple/u-8.png
у,u,u,False,italic,False,48,151,47,152,103,105,simple/u-9.png
у,u,u,False,italic,False,59,140,41,158,81,117,simple/u-10.png
у,u,u,False,italic,False,61,138,40,159,77,119,simple/u-11.png
у,u,u,False,italic,False,60,138,41,157,78,116,simple/u-12.png
у,u,u,False,italic,False,59,139,40,158,80,118,simple/u-13.png
у,u,u,False,italic,False,67,131,45,153,64,108,simple/u-14.png
у,u,u,False,italic,False,58,140,41,158,82,117,simple/u-15.png
у,u,u,False,italic,False,58,141,39,160,83,121,simple/u-16.png
у,u,u,False,italic,False,58,140,35,163,82,128,simple/u-17.png
у,u,u,False,italic,False,54,145,33,165,91,132,simple/u-18.png
у,u,u,False,italic,False,58,140,31,168,82,137,simple/u-19.png
ф,f,f,False,italic,False,55,143,47,152,88,105,simple/f-0.png
ф,f,f,False,italic,False,56,142,48,150,86,102,simple/f-1.png
ф,f,f,False,italic,False,54,145,42,156,91,114,simple/f-2.png
ф,f,f,False,italic,False,59,140,41,157,81,116,simple/f-3.png
ф,f,f,False,italic,False,56,142,42,157,86,115,simple/f-4.png
ф,f,f,False,italic,False,58,140,48,151,82,103,simple/f-5.png
ф,f,f,False,italic,False,63,136,41,158,73,117,simple/f-6.png
ф,f,f,False,italic,False,58,140,46,153,82,107,simple/f-7.png
ф,f,f,False,italic,False,58,140,44,155,82,111,simple/f-8.png
ф,f,f,False,italic,False,54,144,44,154,90,110,simple/f-9.png
ф,f,f,False,italic,False,59,139,49,150,80,101,simple/f-10.png
ф,f,f,False,italic,False,71,127,46,152,56,106,simple/f-11.png
ф,f,f,False,italic,False,66,133,45,153,67,108,simple/f-12.png
ф,f,f,False,italic,False,53,146,56,143,93,87,simple/f-13.png
ф,f,f,False,italic,False,35,164,51,147,129,96,simple/f-14.png
ф,f,f,False,italic,False,46,152,58,141,106,83,simple/f-15.png
ф,f,f,False,italic,False,43,155,45,154,112,109,simple/f-16.png
ф,f,f,False,italic,False,48,151,42,156,103,114,simple/f-17.png
х,kh,kh,False,italic,False,52,147,55,143,95,88,simple/kh-0.png
х,kh,kh,False,italic,False,55,144,61,138,89,77,simple/kh-1.png
х,kh,kh,False,italic,False,53,145,62,137,92,75,simple/kh-2.png
х,kh,kh,False,italic,False,56,143,54,144,87,90,simple/kh-3.png
х,kh,kh,False,italic,False,57,142,62,136,85,74,simple/kh-4.png
х,kh,kh,False,italic,False,48,150,66,133,102,67,simple/kh-5.png
х,kh,kh,False,italic,False,58,141,58,141,83,83,simple/kh-6.png
х,kh,kh,False,italic,False,61,137,48,150,76,102,simple/kh-7.png
х,kh,kh,False,italic,False,50,148,50,149,98,99,simple/kh-8.png
х,kh,kh,False,italic,False,63,136,35,164,73,129,simple/kh-9.png
х,kh,kh,False,italic,False,63,136,57,142,73,85,simple/kh-10.png
х,kh,kh,False,italic,False,60,139,53,145,79,92,simple/kh-11.png
х,kh,kh,False,italic,False,57,142,65,134,85,69,simple/kh-12.png
х,kh,kh,False,italic,False,52,146,61,137,94,76,simple/kh-13.png
х,kh,kh,False,italic,False,59,140,58,140,81,82,simple/kh-14.png
х,kh,kh,False,italic,False,51,147,53,145,96,92,simple/kh-15.png
х,kh,kh,False,italic,False,46,153,41,157,107,116,simple/kh-16.png
х,kh,kh,False,italic,False,64,134,63,135,70,72,simple/kh-17.png
х,kh,kh,False,italic,False,49,149,56,143,100,87,simple/kh-18.png
х,kh,kh,False,italic,False,40,158,60,139,118,79,simple/kh-19.png
ц,ts,ts,False,italic,False,57,141,44,154,84,110,simple/ts-0.png
ц,ts,ts,False,italic,False,69,129,52,146,60,94,simple/ts-1.png
ц,ts,ts,False,italic,False,67,131,47,151,64,104,simple/ts-2.png
ц,ts,ts,False,italic,False,62,137,41,157,75,116,simple/ts-3.png
ц,ts,ts,False,italic,False,68,130,46,153,62,107,simple/ts-4.png
ц,ts,ts,False,italic,False,63,136,53,146,73,93,simple/ts-5.png
ц,ts,ts,False,italic,False,62,137,65,134,75,69,simple/ts-6.png
ц,ts,ts,False,italic,False,71,128,57,142,57,85,simple/ts-7.png
ц,ts,ts,False,italic,False,72,126,69,129,54,60,simple/ts-8.png
ц,ts,ts,False,italic,False,70,128,73,125,58,52,simple/ts-9.png
ц,ts,ts,False,italic,False,64,135,67,132,71,65,simple/ts-10.png
ц,ts,ts,False,italic,False,64,134,37,161,70,124,simple/ts-11.png
ц,ts,ts,False,italic,False,64,134,57,142,70,85,simple/ts-12.png
ц,ts,ts,False,italic,False,73,125,61,137,52,76,simple/ts-13.png
ч,ch,ch,False,italic,False,73,125,64,134,52,70,simple/ch-0.png
ч,ch,ch,False,italic,False,73,126,62,137,53,75,simple/ch-1.png
ч,ch,ch,False,italic,False,60,139,63,135,79,72,simple/ch-2.png
ч,ch,ch,False,italic,False,61,138,71,127,77,56,simple/ch-3.png
ч,ch,ch,False,italic,False,58,140,64,134,82,70,simple/ch-4.png
ч,ch,ch,False,italic,False,75,124,62,136,49,74,simple/ch-5.png
ч,ch,ch,False,italic,False,69,129,59,140,60,81,simple/ch-6.png
ч,ch,ch,False,italic,False,70,128,67,132,58,65,simple/ch-7.png
ч,ch,ch,False,italic,False,75,123,59,140,48,81,simple/ch-8.png
ч,ch,ch,False,italic,False,67,132,60,138,65,78,simple/ch-9.png
ч,ch,ch,False,italic,False,63,135,61,137,72,76,simple/ch-10.png
ч,ch,ch,False,italic,False,58,141,57,142,83,85,simple/ch-11.png
ч,ch,ch,False,italic,False,68,131,55,143,63,88,simple/ch-12.png
ч,ch,ch,False,italic,False,74,124,63,136,50,73,simple/ch-13.png
ч,ch,ch,False,italic,False,79,120,63,135,41,72,simple/ch-14.png
ч,ch,ch,False,italic,False,57,141,67,131,84,64,simple/ch-15.png
ч,ch,ch,False,italic,False,65,134,59,139,69,80,simple/ch-16.png
ч,ch,ch,False,italic,False,61,138,60,139,77,79,simple/ch-17.png
ч,ch,ch,False,italic,False,64,134,57,142,70,85,simple/ch-18.png
ч,ch,ch,False,italic,False,66,133,54,144,67,90,simple/ch-19.png
ш,sh,sh,False,italic,False,50,148,70,128,98,58,simple/sh-0.png
ш,sh,sh,False,italic,False,56,143,62,136,87,74,simple/sh-1.png
ш,sh,sh,False,italic,False,55,144,60,138,89,78,simple/sh-2.png
ш,sh,sh,False,italic,False,52,146,57,142,94,85,simple/sh-3.png
ш,sh,sh,False,italic,False,61,138,71,128,77,57,simple/sh-4.png
ш,sh,sh,False,italic,False,51,147,63,135,96,72,simple/sh-5.png
ш,sh,sh,False,italic,False,39,159,72,127,120,55,simple/sh-6.png
ш,sh,sh,False,italic,False,11,187,76,122,176,46,simple/sh-7.png
ш,sh,sh,False,italic,False,50,148,70,128,98,58,simple/sh-8.png
ш,sh,sh,False,italic,False,47,151,76,122,104,46,simple/sh-9.png
ш,sh,sh,False,italic,False,47,152,75,124,105,49,simple/sh-10.png
ш,sh,sh,False,italic,False,63,135,73,125,72,52,simple/sh-11.png
ш,sh,sh,False,italic,False,57,142,69,129,85,60,simple/sh-12.png
ш,sh,sh,False,italic,False,47,151,71,128,104,57,simple/sh-13.png
ш,sh,sh,False,italic,False,60,139,67,131,79,64,simple/sh-14.png
ш,sh,sh,False,italic,False,53,146,74,124,93,50,simple/sh-15.png
ш,sh,sh,False,italic,False,50,149,73,125,99,52,simple/sh-16.png
ш,sh,sh,False,italic,False,53,146,66,132,93,66,simple/sh-17.png
ш,sh,sh,False,italic,False,52,147,64,134,95,70,simple/sh-18.png
ш,sh,sh,False,italic,False,44,154,64,134,110,70,simple/sh-19.png
щ,shch,shch,False,italic,False,58,140,56,143,82,87,simple/shch-0.png
щ,shch,shch,False,italic,False,48,151,50,148,103,98,simple/shch-1.png
щ,shch,shch,False,italic,False,37,161,52,146,124,94,simple/shch-2.png
щ,shch,shch,False,italic,False,56,142,50,149,86,99,simple/shch-3.png
щ,shch,shch,False,italic,False,50,148,48,150,98,102,simple/shch-4.png
щ,shch,shch,False,italic,False,53,146,48,150,93,102,simple/shch-5.png
щ,shch,shch,False,italic,False,56,142,46,152,86,106,simple/shch-6.png
щ,shch,shch,False,italic,False,55,143,43,155,88,112,simple/shch-7.png
щ,shch,shch,False,italic,False,52,147,57,141,95,84,simple/shch-8.png
щ,shch,shch,False,italic,False,55,144,45,154,89,109,simple/shch-9.png
щ,shch,shch,False,italic,False,51,148,44,155,97,111,simple/shch-10.png
щ,shch,shch,False,italic,False,50,149,48,151,99,103,simple/shch-11.png
щ,shch,shch,False,italic,False,26,172,59,139,146,80,simple/shch-12.png
щ,shch,shch,False,italic,False,45,153,50,148,108,98,simple/shch-13.png
щ,shch,shch,False,italic,False,39,160,54,144,121,90,simple/shch-14.png
щ,shch,shch,False,italic,False,33,166,49,150,133,101,simple/shch-15.png
щ,shch,shch,False,italic,False,39,159,56,143,120,87,simple/shch-16.png
щ,shch,shch,False,italic,False,50,149,65,134,99,69,simple/shch-17.png
щ,shch,shch,False,italic,False,40,158,60,138,118,78,simple/shch-18.png
щ,shch,shch,False,italic,False,41,157,59,140,116,81,simple/shch-19.png
ь,',soft_sign,False,italic,False,75,124,64,135,49,71,simple/soft_sign-0.png
ь,',soft_sign,False,italic,False,79,119,64,134,40,70,simple/soft_sign-1.png
ь,',soft_sign,False,italic,False,78,121,64,135,43,71,simple/soft_sign-2.png
ь,',soft_sign,False,italic,False,73,126,55,143,53,88,simple/soft_sign-3.png
ь,',soft_sign,False,italic,False,84,115,60,139,31,79,simple/soft_sign-4.png
ь,',soft_sign,False,italic,False,78,121,56,142,43,86,simple/soft_sign-5.png
ь,',soft_sign,False,italic,False,72,127,60,139,55,79,simple/soft_sign-6.png
ь,',soft_sign,False,italic,False,79,119,60,139,40,79,simple/soft_sign-7.png
ь,',soft_sign,False,italic,False,65,134,66,133,69,67,simple/soft_sign-8.png
ь,',soft_sign,False,italic,False,70,129,64,135,59,71,simple/soft_sign-9.png
ь,',soft_sign,False,italic,False,74,124,63,136,50,73,simple/soft_sign-10.png
ь,',soft_sign,False,italic,False,69,130,57,142,61,85,simple/soft_sign-11.png
ь,',soft_sign,False,italic,False,73,126,63,136,53,73,simple/soft_sign-12.png
ь,',soft_sign,False,italic,False,77,122,58,140,45,82,simple/soft_sign-13.png
ь,',soft_sign,False,italic,False,75,124,55,143,49,88,simple/soft_sign-14.png
ь,',soft_sign,False,italic,False,73,126,64,134,53,70,simple/soft_sign-15.png
ь,',soft_sign,False,italic,False,69,129,60,139,60,79,simple/soft_sign-16.png
ь,',soft_sign,False,italic,False,65,133,69,130,68,61,simple/soft_sign-17.png
ь,',soft_sign,False,italic,False,74,125,68,131,51,63,simple/soft_sign-18.png
ь,',soft_sign,False,italic,False,71,127,61,138,56,77,simple/soft_sign-19.png
ю,yu,yu,False,italic,False,49,150,62,136,101,74,simple/yu-0.png
ю,yu,yu,False,italic,False,55,144,62,136,89,74,simple/yu-1.png
ю,yu,yu,False,italic,False,61,137,62,137,76,75,simple/yu-2.png
ю,yu,yu,False,italic,False,56,142,57,141,86,84,simple/yu-3.png
ю,yu,yu,False,italic,False,52,147,63,135,95,72,simple/yu-4.png
ю,yu,yu,False,italic,False,69,129,73,125,60,52,simple/yu-5.png
ю,yu,yu,False,italic,False,62,136,75,123,74,48,simple/yu-6.png
ю,yu,yu,False,italic,False,52,146,67,132,94,65,simple/yu-7.png
ю,yu,yu,False,italic,False,57,141,67,131,84,64,simple/yu-8.png
ю,yu,yu,False,italic,False,64,135,63,135,71,72,simple/yu-9.png
ю,yu,yu,False,italic,False,61,138,63,135,77,72,simple/yu-10.png
ю,yu,yu,False,italic,False,55,144,57,142,89,85,simple/yu-11.png
ю,yu,yu,False,italic,False,52,147,59,139,95,80,simple/yu-12.png
ю,yu,yu,False,italic,False,47,151,69,129,104,60,simple/yu-13.png
ю,yu,yu,False,italic,False,39,159,68,131,120,63,simple/yu-14.png
ю,yu,yu,False,italic,False,62,136,71,128,74,57,simple/yu-15.png
ю,yu,yu,False,italic,False,63,135,65,133,72,68,simple/yu-16.png
ю,yu,yu,False,italic,False,55,143,63,136,88,73,simple/yu-17.png
ю,yu,yu,False,italic,False,50,148,69,130,98,61,simple/yu-18.png
ю,yu,yu,False,italic,False,53,145,65,133,92,68,simple/yu-19.png
я,ya,ya,False,italic,False,58,141,57,141,83,84,simple/ya-0.png
я,ya,ya,False,italic,False,62,137,61,138,75,77,simple/ya-1.png
я,ya,ya,False,italic,False,57,141,56,142,84,86,simple/ya-2.png
я,ya,ya,False,italic,False,63,135,49,149,72,100,simple/ya-3.png
я,ya,ya,False,italic,False,61,138,47,152,77,105,simple/ya-4.png
я,ya,ya,False,italic,False,62,136,60,139,74,79,simple/ya-5.png
я,ya,ya,False,italic,False,59,140,7,107,81,100,simple/ya-6.png
я,ya,ya,False,italic,False,50,149,50,148,99,98,simple/ya-7.png
я,ya,ya,False,italic,False,53,146,47,152,93,105,simple/ya-8.png
я,ya,ya,False,italic,False,52,146,59,139,94,80,simple/ya-9.png
я,ya,ya,False,italic,False,53,145,57,142,92,85,simple/ya-10.png
я,ya,ya,False,italic,False,56,143,61,138,87,77,simple/ya-11.png
я,ya,ya,False,italic,False,63,136,55,144,73,89,simple/ya-12.png
я,ya,ya,False,italic,False,62,136,63,135,74,72,simple/ya-13.png
я,ya,ya,False,italic,False,54,145,59,139,91,80,simple/ya-14.png
я,ya,ya,False,italic,False,69,130,58,141,61,83,simple/ya-15.png
я,ya,ya,False,italic,False,59,139,53,146,80,93,simple/ya-16.png
я,ya,ya,False,italic,False,62,137,58,141,75,83,simple/ya-17.png
я,ya,ya,False,italic,False,58,140,58,140,82,82,simple/ya-18.png
я,ya,ya,False,italic,False,45,154,58,140,109,82,simple/ya-19.png
ц,ts,ts,False,italic,False,65,133,44,155,68,111,simple/ts-14.png
ц,ts,ts,False,italic,False,63,135,67,131,72,64,simple/ts-15.png
ц,ts,ts,False,italic,False,64,135,62,136,71,74,simple/ts-16.png
ц,ts,ts,False,italic,False,57,141,45,154,84,109,simple/ts-17.png
ц,ts,ts,False,italic,False,41,157,51,147,116,96,simple/ts-18.png
ц,ts,ts,False,italic,False,48,151,45,153,103,108,simple/ts-19.png
в,v,v,False,italic,False,72,127,49,150,55,101,simple/v-19.png
л,l,l,False,italic,False,57,142,70,128,85,58,simple/l-20.png
л,l,l,False,italic,False,55,144,69,130,89,61,simple/l-21.png
м,m,m,False,italic,False,53,145,62,136,92,74,simple/m-20.png
н,n,n,False,italic,False,58,140,66,132,82,66,simple/n-19.png
п,p,p,False,italic,False,60,138,60,138,78,78,simple/p-18.png
о,o,o,False,italic,False,60,138,69,130,78,61,simple/o-19.png
с,s,s,False,italic,False,70,129,64,134,59,70,simple/s-19.png
ф,f,f,False,italic,False,55,143,60,139,88,79,simple/f-18.png
ф,f,f,False,italic,False,46,153,51,148,107,97,simple/f-19.png
